DATE,Nonfarm_Payrolls,Unemployment_Rate,ADP_Employment,Job_Openings,Hires,Separations,Quits,Layoffs_Discharges
2000-01-01,131011.0,4.0,,,,,,
2000-02-01,131121.0,4.1,,,,,,
2000-03-01,131604.0,4.0,,,,,,
2000-04-01,131883.0,3.8,,,,,,
2000-05-01,132105.0,4.0,,,,,,
2000-06-01,132062.0,4.0,,,,,,
2000-07-01,132228.0,4.0,,,,,,
2000-08-01,132234.0,4.1,,,,,,
2000-09-01,132338.0,3.9,,,,,,
2000-10-01,132352.0,3.9,,,,,,
2000-11-01,132556.0,3.9,,,,,,
2000-12-01,132716.0,3.9,,5088.0,4.1,5240.0,2.2,2018.0
2001-01-01,132703.0,4.2,,5234.0,4.3,5842.0,2.4,2220.0
2001-02-01,132788.0,4.2,,5097.0,4.0,5231.0,2.3,1855.0
2001-03-01,132751.0,4.3,,4762.0,4.2,5566.0,2.3,2133.0
2001-04-01,132457.0,4.4,,4615.0,3.9,5414.0,2.4,1883.0
2001-05-01,132409.0,4.3,,4425.0,4.1,5390.0,2.3,2029.0
2001-06-01,132299.0,4.5,,4361.0,3.9,5249.0,2.2,2015.0
2001-07-01,132171.0,4.6,,4447.0,4.0,5380.0,2.2,2038.0
2001-08-01,132021.0,4.9,,4024.0,4.0,5355.0,2.2,2011.0
2001-09-01,131763.0,5.0,,4071.0,3.8,5184.0,2.1,2107.0
2001-10-01,131452.0,5.3,,3707.0,3.9,5464.0,2.1,2319.0
2001-11-01,131144.0,5.5,,3775.0,3.7,5150.0,2.0,2255.0
2001-12-01,130983.0,5.7,,3677.0,3.7,4848.0,2.0,1922.0
2002-01-01,130859.0,5.7,,3699.0,3.7,5117.0,2.2,1907.0
2002-02-01,130736.0,5.7,,3436.0,3.7,4929.0,2.0,1978.0
2002-03-01,130722.0,5.7,,3612.0,3.6,4756.0,1.9,1883.0
2002-04-01,130615.0,5.9,,3471.0,3.8,4979.0,2.0,1956.0
2002-05-01,130632.0,5.8,,3457.0,3.7,4834.0,1.9,1967.0
2002-06-01,130673.0,5.8,,3412.0,3.7,4887.0,1.9,2015.0
2002-07-01,130583.0,5.8,,3367.0,3.8,5054.0,2.0,2102.0
2002-08-01,130582.0,5.7,,3517.0,3.7,4846.0,2.0,1923.0
2002-09-01,130503.0,5.7,,3301.0,3.7,4919.0,1.9,2022.0
2002-10-01,130617.0,5.7,,3479.0,3.7,4733.0,1.9,1935.0
2002-11-01,130616.0,5.9,,3514.0,3.7,4750.0,1.8,1944.0
2002-12-01,130465.0,6.0,,3169.0,3.7,4928.0,1.9,2007.0
2003-01-01,130573.0,5.8,,3441.0,3.9,4953.0,1.9,2109.0
2003-02-01,130441.0,5.9,,3229.0,3.6,4871.0,1.9,2015.0
2003-03-01,130235.0,5.9,,3099.0,3.4,4749.0,1.8,1949.0
2003-04-01,130172.0,6.0,,3108.0,3.5,4653.0,1.8,1998.0
2003-05-01,130196.0,6.1,,3289.0,3.6,4716.0,1.8,2072.0
2003-06-01,130185.0,6.3,,3390.0,3.6,4718.0,1.8,2076.0
2003-07-01,130184.0,6.2,,2981.0,3.6,4661.0,1.7,2062.0
2003-08-01,130153.0,6.1,,3190.0,3.6,4679.0,1.7,2162.0
2003-09-01,130253.0,6.1,,3091.0,3.7,4645.0,1.8,1932.0
2003-10-01,130440.0,6.0,,3305.0,3.8,4749.0,1.9,1969.0
2003-11-01,130481.0,5.8,,3324.0,3.7,4700.0,1.8,1951.0
2003-12-01,130589.0,5.7,,3414.0,3.8,4785.0,1.9,2007.0
2004-01-01,130756.0,5.7,,3424.0,3.7,4722.0,1.8,2037.0
2004-02-01,130820.0,5.6,,3532.0,3.7,4754.0,1.9,1985.0
2004-03-01,131139.0,5.8,,3525.0,4.0,4996.0,2.0,2065.0
2004-04-01,131412.0,5.6,,3511.0,3.9,4854.0,1.9,2010.0
2004-05-01,131697.0,5.6,,3710.0,3.8,4688.0,1.8,1914.0
2004-06-01,131794.0,5.6,,3337.0,3.8,4896.0,2.0,1887.0
2004-07-01,131853.0,5.5,,3814.0,3.7,4828.0,2.0,1885.0
2004-08-01,131940.0,5.4,,3541.0,3.8,4904.0,2.0,1974.0
2004-09-01,132091.0,5.4,,3821.0,3.8,4886.0,1.9,2027.0
2004-10-01,132431.0,5.5,,3943.0,3.9,4786.0,1.9,1903.0
2004-11-01,132504.0,5.4,,3472.0,3.9,5134.0,2.1,2037.0
2004-12-01,132629.0,5.4,,4074.0,3.9,4964.0,2.0,1951.0
2005-01-01,132781.0,5.3,,3804.0,3.9,5045.0,2.1,2008.0
2005-02-01,133033.0,5.4,,3965.0,4.0,5075.0,2.0,2068.0
2005-03-01,133152.0,5.2,,4044.0,4.0,5238.0,2.1,2188.0
2005-04-01,133519.0,5.2,,4159.0,4.0,4998.0,2.1,1957.0
2005-05-01,133689.0,5.1,,3797.0,3.9,5110.0,2.1,2021.0
2005-06-01,133947.0,5.0,,4062.0,4.0,5095.0,2.1,2015.0
2005-07-01,134300.0,5.0,,4256.0,4.0,4946.0,2.0,1898.0
2005-08-01,134503.0,4.9,,4142.0,4.0,5210.0,2.2,1905.0
2005-09-01,134554.0,5.0,,4352.0,4.1,5404.0,2.3,2032.0
2005-10-01,134643.0,5.0,,4184.0,3.8,5047.0,2.1,1873.0
2005-11-01,134999.0,5.0,,4248.0,4.0,5005.0,2.1,1769.0
2005-12-01,135158.0,4.9,,4282.0,3.9,5170.0,2.1,1923.0
2006-01-01,135426.0,4.7,,4397.0,3.9,5060.0,2.2,1784.0
2006-02-01,135731.0,4.8,,4325.0,4.0,5232.0,2.2,1882.0
2006-03-01,136036.0,4.7,,4732.0,4.1,5242.0,2.2,1888.0
2006-04-01,136208.0,4.7,,4790.0,3.8,5055.0,2.0,1853.0
2006-05-01,136249.0,4.6,,4463.0,4.0,5428.0,2.2,1991.0
2006-06-01,136335.0,4.6,,4614.0,4.0,5271.0,2.2,1817.0
2006-07-01,136529.0,4.7,,4394.0,4.1,5336.0,2.2,1860.0
2006-08-01,136693.0,4.7,,4710.0,3.9,5199.0,2.2,1775.0
2006-09-01,136829.0,4.5,,4737.0,3.9,5100.0,2.1,1831.0
2006-10-01,136846.0,4.4,,4591.0,3.9,5290.0,2.2,1898.0
2006-11-01,137061.0,4.5,,4645.0,4.0,5349.0,2.2,1926.0
2006-12-01,137249.0,4.4,,4620.0,3.8,5138.0,2.2,1772.0
2007-01-01,137472.0,4.6,,4763.0,3.9,5263.0,2.1,1922.0
2007-02-01,137558.0,4.5,,4699.0,3.8,5152.0,2.1,1850.0
2007-03-01,137782.0,4.4,,4962.0,4.0,5236.0,2.2,1882.0
2007-04-01,137845.0,4.5,,4689.0,3.9,5278.0,2.1,2000.0
2007-05-01,137993.0,4.4,,4657.0,4.0,5303.0,2.2,1967.0
2007-06-01,138069.0,4.6,,4859.0,3.8,5108.0,2.1,1845.0
2007-07-01,138044.0,4.7,,4598.0,3.8,5225.0,2.1,1896.0
2007-08-01,138013.0,4.6,,4546.0,3.9,5382.0,2.2,2033.0
2007-09-01,138101.0,4.7,,4652.0,3.9,5197.0,1.9,2188.0
2007-10-01,138177.0,4.7,,4636.0,3.9,5252.0,2.1,1998.0
2007-11-01,138291.0,4.7,,4646.0,3.7,5118.0,2.0,1966.0
2007-12-01,138395.0,5.0,,4545.0,3.7,5045.0,2.0,1915.0
2008-01-01,138391.0,5.0,,4624.0,3.7,5149.0,2.1,1989.0
2008-02-01,138327.0,4.9,,4279.0,3.7,5219.0,2.1,1995.0
2008-03-01,138257.0,5.1,,4225.0,3.6,4940.0,1.9,1918.0
2008-04-01,138038.0,5.0,,4035.0,3.6,5167.0,2.1,1958.0
2008-05-01,137851.0,5.4,,4194.0,3.4,4852.0,1.9,1950.0
2008-06-01,137698.0,5.6,,3830.0,3.6,5061.0,1.9,2172.0
2008-07-01,137498.0,5.8,,3749.0,3.4,4845.0,1.8,2071.0
2008-08-01,137211.0,6.1,,3674.0,3.4,5006.0,1.8,2190.0
2008-09-01,136762.0,6.1,,3222.0,3.3,4902.0,1.8,2088.0
2008-10-01,136293.0,6.5,,3377.0,3.3,4965.0,1.7,2250.0
2008-11-01,135543.0,6.8,,3231.0,3.0,4819.0,1.6,2290.0
2008-12-01,134847.0,7.3,,3146.0,3.2,4875.0,1.5,2482.0
2009-01-01,134078.0,7.8,,2738.0,3.1,4865.0,1.5,2581.0
2009-02-01,133317.0,8.3,,2864.0,3.0,4852.0,1.5,2599.0
2009-03-01,132492.0,8.7,,2534.0,2.9,4720.0,1.4,2575.0
2009-04-01,131821.0,9.0,,2295.0,2.9,4690.0,1.3,2654.0
2009-05-01,131468.0,9.4,,2549.0,2.9,4192.0,1.3,2231.0
2009-06-01,131007.0,9.5,,2503.0,2.8,4234.0,1.3,2261.0
2009-07-01,130662.0,9.5,,2232.0,3.0,4235.0,1.3,2267.0
2009-08-01,130472.0,9.6,,2338.0,2.9,3985.0,1.2,2119.0
2009-09-01,130247.0,9.8,,2487.0,3.0,4126.0,1.2,2195.0
2009-10-01,130062.0,10.0,,2406.0,3.0,3996.0,1.3,2028.0
2009-11-01,130058.0,9.9,,2503.0,3.1,4002.0,1.4,1913.0
2009-12-01,129808.0,9.9,,2568.0,3.1,4099.0,1.4,2033.0
2010-01-01,129802.0,9.8,,2837.0,3.0,3940.0,1.3,1880.0
2010-01-09,,,107022000.0,,,,,
2010-01-16,,,106884000.0,,,,,
2010-01-23,,,106809000.0,,,,,
2010-01-30,,,106679000.0,,,,,
2010-02-01,129705.0,9.8,,2666.0,3.0,4011.0,1.4,1825.0
2010-02-06,,,106524000.0,,,,,
2010-02-13,,,106401000.0,,,,,
2010-02-20,,,106302000.0,,,,,
2010-02-27,,,106192000.0,,,,,
2010-03-01,129865.0,9.9,,2679.0,3.3,4089.0,1.4,1924.0
2010-03-06,,,106028000.0,,,,,
2010-03-13,,,105935000.0,,,,,
2010-03-20,,,105957000.0,,,,,
2010-03-27,,,105945000.0,,,,,
2010-04-01,130120.0,9.9,,3153.0,3.2,3945.0,1.5,1749.0
2010-04-03,,,105966000.0,,,,,
2010-04-10,,,106006000.0,,,,,
2010-04-17,,,106029000.0,,,,,
2010-04-24,,,106058000.0,,,,,
2010-05-01,130643.0,9.6,106091000.0,2988.0,3.4,3924.0,1.4,1762.0
2010-05-08,,,106137000.0,,,,,
2010-05-15,,,106189000.0,,,,,
2010-05-22,,,106216000.0,,,,,
2010-05-29,,,106240000.0,,,,,
2010-06-01,130509.0,9.4,,2801.0,3.1,4311.0,1.5,2075.0
2010-06-05,,,106251000.0,,,,,
2010-06-12,,,106258000.0,,,,,
2010-06-19,,,106317000.0,,,,,
2010-06-26,,,106364000.0,,,,,
2010-07-01,130415.0,9.4,,3082.0,3.2,4269.0,1.4,2166.0
2010-07-03,,,106342000.0,,,,,
2010-07-10,,,106382000.0,,,,,
2010-07-17,,,106410000.0,,,,,
2010-07-24,,,106420000.0,,,,,
2010-07-31,,,106427000.0,,,,,
2010-08-01,130416.0,9.5,,2999.0,3.1,4054.0,1.4,1890.0
2010-08-07,,,106475000.0,,,,,
2010-08-14,,,106509000.0,,,,,
2010-08-21,,,106540000.0,,,,,
2010-08-28,,,106573000.0,,,,,
2010-09-01,130342.0,9.5,,2918.0,3.1,4045.0,1.5,1832.0
2010-09-04,,,106604000.0,,,,,
2010-09-11,,,106650000.0,,,,,
2010-09-18,,,106685000.0,,,,,
2010-09-25,,,106729000.0,,,,,
2010-10-01,130621.0,9.4,,3235.0,3.2,3884.0,1.4,1745.0
2010-10-02,,,106821000.0,,,,,
2010-10-09,,,106789000.0,,,,,
2010-10-16,,,106814000.0,,,,,
2010-10-23,,,106854000.0,,,,,
2010-10-30,,,106880000.0,,,,,
2010-11-01,130749.0,9.8,,3211.0,3.2,4067.0,1.4,1849.0
2010-11-06,,,106950000.0,,,,,
2010-11-13,,,106944000.0,,,,,
2010-11-20,,,106966000.0,,,,,
2010-11-27,,,107003000.0,,,,,
2010-12-01,130830.0,9.3,,3058.0,3.3,4142.0,1.5,1854.0
2010-12-04,,,107007000.0,,,,,
2010-12-11,,,107128000.0,,,,,
2010-12-18,,,107047000.0,,,,,
2010-12-25,,,107136000.0,,,,,
2011-01-01,130837.0,9.1,107198000.0,3104.0,3.1,4001.0,1.4,1827.0
2011-01-08,,,107229000.0,,,,,
2011-01-15,,,107306000.0,,,,,
2011-01-22,,,107405000.0,,,,,
2011-01-29,,,107471000.0,,,,,
2011-02-01,131056.0,9.0,,3226.0,3.2,4037.0,1.5,1755.0
2011-02-05,,,107494000.0,,,,,
2011-02-12,,,107582000.0,,,,,
2011-02-19,,,107676000.0,,,,,
2011-02-26,,,107715000.0,,,,,
2011-03-01,131282.0,9.0,,3261.0,3.4,4142.0,1.5,1794.0
2011-03-05,,,107771000.0,,,,,
2011-03-12,,,107842000.0,,,,,
2011-03-19,,,107936000.0,,,,,
2011-03-26,,,107999000.0,,,,,
2011-04-01,131597.0,9.1,,3259.0,3.3,3991.0,1.4,1792.0
2011-04-02,,,108041000.0,,,,,
2011-04-09,,,108089000.0,,,,,
2011-04-16,,,108162000.0,,,,,
2011-04-23,,,108198000.0,,,,,
2011-04-30,,,108223000.0,,,,,
2011-05-01,131704.0,9.0,,3179.0,3.2,4189.0,1.5,1904.0
2011-05-07,,,108269000.0,,,,,
2011-05-14,,,108326000.0,,,,,
2011-05-21,,,108350000.0,,,,,
2011-05-28,,,108370000.0,,,,,
2011-06-01,131931.0,9.1,,3455.0,3.3,4173.0,1.5,1942.0
2011-06-04,,,108430000.0,,,,,
2011-06-11,,,108495000.0,,,,,
2011-06-18,,,108516000.0,,,,,
2011-06-25,,,108528000.0,,,,,
2011-07-01,131993.0,9.0,,3623.0,3.2,4153.0,1.5,1845.0
2011-07-02,,,108604000.0,,,,,
2011-07-09,,,108682000.0,,,,,
2011-07-16,,,108736000.0,,,,,
2011-07-23,,,108806000.0,,,,,
2011-07-30,,,108853000.0,,,,,
2011-08-01,132125.0,9.0,,3329.0,3.3,4173.0,1.5,1845.0
2011-08-06,,,108899000.0,,,,,
2011-08-13,,,108947000.0,,,,,
2011-08-20,,,109003000.0,,,,,
2011-08-27,,,109041000.0,,,,,
2011-09-01,132344.0,9.0,,3774.0,3.3,4208.0,1.5,1872.0
2011-09-03,,,109089000.0,,,,,
2011-09-10,,,109170000.0,,,,,
2011-09-17,,,109224000.0,,,,,
2011-09-24,,,109203000.0,,,,,
2011-10-01,132553.0,8.8,109216000.0,3619.0,3.3,4150.0,1.5,1794.0
2011-10-08,,,109298000.0,,,,,
2011-10-15,,,109351000.0,,,,,
2011-10-22,,,109388000.0,,,,,
2011-10-29,,,109391000.0,,,,,
2011-11-01,132690.0,8.6,,3565.0,3.3,4267.0,1.5,1912.0
2011-11-05,,,109482000.0,,,,,
2011-11-12,,,109539000.0,,,,,
2011-11-19,,,109571000.0,,,,,
2011-11-26,,,109649000.0,,,,,
2011-12-01,132888.0,8.5,,3768.0,3.3,4084.0,1.5,1801.0
2011-12-03,,,109731000.0,,,,,
2011-12-10,,,109799000.0,,,,,
2011-12-17,,,109665000.0,,,,,
2011-12-24,,,109829000.0,,,,,
2011-12-31,,,109871000.0,,,,,
2012-01-01,133245.0,8.3,,3909.0,3.3,4158.0,1.5,1797.0
2012-01-07,,,109909000.0,,,,,
2012-01-14,,,109982000.0,,,,,
2012-01-21,,,110051000.0,,,,,
2012-01-28,,,110111000.0,,,,,
2012-02-01,133508.0,8.3,,3616.0,3.4,4349.0,1.6,1903.0
2012-02-04,,,110147000.0,,,,,
2012-02-11,,,110222000.0,,,,,
2012-02-18,,,110298000.0,,,,,
2012-02-25,,,110342000.0,,,,,
2012-03-01,133748.0,8.2,,3979.0,3.4,4277.0,1.6,1784.0
2012-03-03,,,110392000.0,,,,,
2012-03-10,,,110457000.0,,,,,
2012-03-17,,,110533000.0,,,,,
2012-03-24,,,110584000.0,,,,,
2012-03-31,,,110624000.0,,,,,
2012-04-01,133825.0,8.2,,3793.0,3.3,4333.0,1.6,1880.0
2012-04-07,,,110687000.0,,,,,
2012-04-14,,,110768000.0,,,,,
2012-04-21,,,110800000.0,,,,,
2012-04-28,,,110822000.0,,,,,
2012-05-01,133933.0,8.2,,3835.0,3.4,4437.0,1.6,1969.0
2012-05-05,,,110856000.0,,,,,
2012-05-12,,,110874000.0,,,,,
2012-05-19,,,110907000.0,,,,,
2012-05-26,,,110948000.0,,,,,
2012-06-01,134012.0,8.2,,3911.0,3.3,4382.0,1.6,1892.0
2012-06-02,,,111026000.0,,,,,
2012-06-09,,,111038000.0,,,,,
2012-06-16,,,111085000.0,,,,,
2012-06-23,,,111107000.0,,,,,
2012-06-30,,,111094000.0,,,,,
2012-07-01,134157.0,8.2,,3735.0,3.2,4151.0,1.5,1722.0
2012-07-07,,,111115000.0,,,,,
2012-07-14,,,111101000.0,,,,,
2012-07-21,,,111088000.0,,,,,
2012-07-28,,,111114000.0,,,,,
2012-08-01,134338.0,8.1,,3809.0,3.3,4318.0,1.5,1894.0
2012-08-04,,,111152000.0,,,,,
2012-08-11,,,111178000.0,,,,,
2012-08-18,,,111223000.0,,,,,
2012-08-25,,,111219000.0,,,,,
2012-09-01,134517.0,7.8,111243000.0,3882.0,3.2,4092.0,1.4,1805.0
2012-09-08,,,111326000.0,,,,,
2012-09-15,,,111377000.0,,,,,
2012-09-22,,,111433000.0,,,,,
2012-09-29,,,111523000.0,,,,,
2012-10-01,134668.0,7.8,,3775.0,3.3,4261.0,1.5,1891.0
2012-10-06,,,111607000.0,,,,,
2012-10-13,,,111681000.0,,,,,
2012-10-20,,,111753000.0,,,,,
2012-10-27,,,111818000.0,,,,,
2012-11-01,134825.0,7.7,,3878.0,3.3,4347.0,1.5,1921.0
2012-11-03,,,111930000.0,,,,,
2012-11-10,,,111971000.0,,,,,
2012-11-17,,,111979000.0,,,,,
2012-11-24,,,112048000.0,,,,,
2012-12-01,135074.0,7.9,111974000.0,3970.0,3.3,4118.0,1.5,1700.0
2012-12-08,,,111923000.0,,,,,
2012-12-15,,,111848000.0,,,,,
2012-12-22,,,112087000.0,,,,,
2012-12-29,,,112210000.0,,,,,
2013-01-01,135257.0,8.0,,3923.0,3.3,4347.0,1.7,1678.0
2013-01-05,,,112259000.0,,,,,
2013-01-12,,,112307000.0,,,,,
2013-01-19,,,112317000.0,,,,,
2013-01-26,,,112381000.0,,,,,
2013-02-01,135545.0,7.7,,4004.0,3.4,4293.0,1.7,1664.0
2013-02-02,,,112403000.0,,,,,
2013-02-09,,,112423000.0,,,,,
2013-02-16,,,112487000.0,,,,,
2013-02-23,,,112549000.0,,,,,
2013-03-01,135689.0,7.5,,4076.0,3.2,4241.0,1.6,1787.0
2013-03-02,,,112585000.0,,,,,
2013-03-09,,,112602000.0,,,,,
2013-03-16,,,112653000.0,,,,,
2013-03-23,,,112683000.0,,,,,
2013-03-30,,,112688000.0,,,,,
2013-04-01,135873.0,7.6,,3988.0,3.4,4422.0,1.7,1793.0
2013-04-06,,,112672000.0,,,,,
2013-04-13,,,112696000.0,,,,,
2013-04-20,,,112726000.0,,,,,
2013-04-27,,,112743000.0,,,,,
2013-05-01,136095.0,7.5,,4145.0,3.4,4442.0,1.6,1836.0
2013-05-04,,,112787000.0,,,,,
2013-05-11,,,112843000.0,,,,,
2013-05-18,,,112884000.0,,,,,
2013-05-25,,,112883000.0,,,,,
2013-06-01,136279.0,7.5,112914000.0,4150.0,3.3,4307.0,1.6,1761.0
2013-06-08,,,112925000.0,,,,,
2013-06-15,,,112937000.0,,,,,
2013-06-22,,,112982000.0,,,,,
2013-06-29,,,113006000.0,,,,,
2013-07-01,136391.0,7.3,,3885.0,3.3,4421.0,1.7,1713.0
2013-07-06,,,113066000.0,,,,,
2013-07-13,,,113112000.0,,,,,
2013-07-20,,,113171000.0,,,,,
2013-07-27,,,113203000.0,,,,,
2013-08-01,136646.0,7.2,,4085.0,3.5,4493.0,1.7,1816.0
2013-08-03,,,113255000.0,,,,,
2013-08-10,,,113312000.0,,,,,
2013-08-17,,,113361000.0,,,,,
2013-08-24,,,113469000.0,,,,,
2013-08-31,,,113584000.0,,,,,
2013-09-01,136821.0,7.2,,4128.0,3.5,4519.0,1.7,1892.0
2013-09-07,,,113545000.0,,,,,
2013-09-14,,,113535000.0,,,,,
2013-09-21,,,113591000.0,,,,,
2013-09-28,,,113600000.0,,,,,
2013-10-01,137041.0,7.2,,4222.0,3.3,4350.0,1.7,1675.0
2013-10-05,,,113602000.0,,,,,
2013-10-12,,,113625000.0,,,,,
2013-10-19,,,113653000.0,,,,,
2013-10-26,,,113658000.0,,,,,
2013-11-01,137316.0,6.9,,4119.0,3.4,4367.0,1.7,1630.0
2013-11-02,,,113730000.0,,,,,
2013-11-09,,,113786000.0,,,,,
2013-11-16,,,113847000.0,,,,,
2013-11-23,,,113935000.0,,,,,
2013-11-30,,,114123000.0,,,,,
2013-12-01,137373.0,6.7,,4121.0,3.4,4392.0,1.7,1770.0
2013-12-07,,,114299000.0,,,,,
2013-12-14,,,114427000.0,,,,,
2013-12-21,,,114349000.0,,,,,
2013-12-28,,,114381000.0,,,,,
2014-01-01,137561.0,6.6,,4127.0,3.4,4435.0,1.7,1806.0
2014-01-04,,,114416000.0,,,,,
2014-01-11,,,114460000.0,,,,,
2014-01-18,,,114499000.0,,,,,
2014-01-25,,,114591000.0,,,,,
2014-02-01,137712.0,6.7,114642000.0,4373.0,3.4,4549.0,1.8,1767.0
2014-02-08,,,114671000.0,,,,,
2014-02-15,,,114719000.0,,,,,
2014-02-22,,,114771000.0,,,,,
2014-03-01,137985.0,6.7,114821000.0,4388.0,3.5,4518.0,1.8,1703.0
2014-03-08,,,114864000.0,,,,,
2014-03-15,,,114908000.0,,,,,
2014-03-22,,,115013000.0,,,,,
2014-03-29,,,115088000.0,,,,,
2014-04-01,138297.0,6.2,,4566.0,3.5,4597.0,1.8,1764.0
2014-04-05,,,115101000.0,,,,,
2014-04-12,,,115181000.0,,,,,
2014-04-19,,,115251000.0,,,,,
2014-04-26,,,115297000.0,,,,,
2014-05-01,138512.0,6.3,,4747.0,3.5,4572.0,1.8,1710.0
2014-05-03,,,115325000.0,,,,,
2014-05-10,,,115383000.0,,,,,
2014-05-17,,,115450000.0,,,,,
2014-05-24,,,115512000.0,,,,,
2014-05-31,,,115587000.0,,,,,
2014-06-01,138849.0,6.1,,4982.0,3.5,4612.0,1.8,1761.0
2014-06-07,,,115671000.0,,,,,
2014-06-14,,,115736000.0,,,,,
2014-06-21,,,115767000.0,,,,,
2014-06-28,,,115823000.0,,,,,
2014-07-01,139073.0,6.2,,4846.0,3.6,4748.0,1.9,1781.0
2014-07-05,,,115913000.0,,,,,
2014-07-12,,,115982000.0,,,,,
2014-07-19,,,116037000.0,,,,,
2014-07-26,,,116097000.0,,,,,
2014-08-01,139269.0,6.1,,5349.0,3.5,4623.0,1.8,1699.0
2014-08-02,,,116156000.0,,,,,
2014-08-09,,,116215000.0,,,,,
2014-08-16,,,116274000.0,,,,,
2014-08-23,,,116275000.0,,,,,
2014-08-30,,,116294000.0,,,,,
2014-09-01,139563.0,5.9,,4914.0,3.7,4855.0,2.0,1718.0
2014-09-06,,,116357000.0,,,,,
2014-09-13,,,116419000.0,,,,,
2014-09-20,,,116455000.0,,,,,
2014-09-27,,,116521000.0,,,,,
2014-10-01,139797.0,5.7,,5012.0,3.7,4937.0,1.9,1835.0
2014-10-04,,,116621000.0,,,,,
2014-10-11,,,116722000.0,,,,,
2014-10-18,,,116721000.0,,,,,
2014-10-25,,,116798000.0,,,,,
2014-11-01,140090.0,5.8,116859000.0,4843.0,3.6,4682.0,1.9,1726.0
2014-11-08,,,116918000.0,,,,,
2014-11-15,,,116952000.0,,,,,
2014-11-22,,,116974000.0,,,,,
2014-11-29,,,117052000.0,,,,,
2014-12-01,140364.0,5.6,,5130.0,3.7,4827.0,1.8,1857.0
2014-12-06,,,117143000.0,,,,,
2014-12-13,,,117219000.0,,,,,
2014-12-20,,,117190000.0,,,,,
2014-12-27,,,117229000.0,,,,,
2015-01-01,140568.0,5.7,,5344.0,3.6,4886.0,2.0,1789.0
2015-01-03,,,117298000.0,,,,,
2015-01-10,,,117338000.0,,,,,
2015-01-17,,,117345000.0,,,,,
2015-01-24,,,117400000.0,,,,,
2015-01-31,,,117428000.0,,,,,
2015-02-01,140827.0,5.5,,5466.0,3.6,4869.0,1.9,1757.0
2015-02-07,,,117441000.0,,,,,
2015-02-14,,,117471000.0,,,,,
2015-02-21,,,117522000.0,,,,,
2015-02-28,,,117560000.0,,,,,
2015-03-01,140923.0,5.4,,5210.0,3.6,5102.0,2.0,1973.0
2015-03-07,,,117589000.0,,,,,
2015-03-14,,,117609000.0,,,,,
2015-03-21,,,117617000.0,,,,,
2015-03-28,,,117664000.0,,,,,
2015-04-01,141196.0,5.4,,5598.0,3.7,4944.0,1.9,1856.0
2015-04-04,,,117717000.0,,,,,
2015-04-11,,,117789000.0,,,,,
2015-04-18,,,117873000.0,,,,,
2015-04-25,,,117954000.0,,,,,
2015-05-01,141538.0,5.6,,5563.0,3.6,4825.0,1.9,1711.0
2015-05-02,,,118035000.0,,,,,
2015-05-09,,,118083000.0,,,,,
2015-05-16,,,118183000.0,,,,,
2015-05-23,,,118236000.0,,,,,
2015-05-30,,,118260000.0,,,,,
2015-06-01,141709.0,5.3,,5248.0,3.6,4978.0,1.9,1821.0
2015-06-06,,,118269000.0,,,,,
2015-06-13,,,118328000.0,,,,,
2015-06-20,,,118395000.0,,,,,
2015-06-27,,,118447000.0,,,,,
2015-07-01,141991.0,5.2,,6056.0,3.6,4848.0,1.9,1703.0
2015-07-04,,,118476000.0,,,,,
2015-07-11,,,118507000.0,,,,,
2015-07-18,,,118573000.0,,,,,
2015-07-25,,,118591000.0,,,,,
2015-08-01,142125.0,5.1,118618000.0,5467.0,3.6,5032.0,2.0,1773.0
2015-08-08,,,118652000.0,,,,,
2015-08-15,,,118716000.0,,,,,
2015-08-22,,,118785000.0,,,,,
2015-08-29,,,118831000.0,,,,,
2015-09-01,142275.0,5.0,,5488.0,3.7,5110.0,2.0,1964.0
2015-09-05,,,118912000.0,,,,,
2015-09-12,,,119022000.0,,,,,
2015-09-19,,,119079000.0,,,,,
2015-09-26,,,119107000.0,,,,,
2015-10-01,142579.0,5.0,,5773.0,3.7,5032.0,2.0,1845.0
2015-10-03,,,119120000.0,,,,,
2015-10-10,,,119194000.0,,,,,
2015-10-17,,,119251000.0,,,,,
2015-10-24,,,119291000.0,,,,,
2015-10-31,,,119332000.0,,,,,
2015-11-01,142808.0,5.1,,5708.0,3.8,5089.0,2.0,1779.0
2015-11-07,,,119361000.0,,,,,
2015-11-14,,,119353000.0,,,,,
2015-11-21,,,119395000.0,,,,,
2015-11-28,,,119464000.0,,,,,
2015-12-01,143077.0,5.0,,5845.0,3.9,5225.0,2.1,1803.0
2015-12-05,,,119480000.0,,,,,
2015-12-12,,,119499000.0,,,,,
2015-12-19,,,119498000.0,,,,,
2015-12-26,,,119612000.0,,,,,
2016-01-01,143210.0,4.8,,6012.0,3.6,5099.0,2.0,1805.0
2016-01-02,,,119647000.0,,,,,
2016-01-09,,,119626000.0,,,,,
2016-01-16,,,119718000.0,,,,,
2016-01-23,,,119825000.0,,,,,
2016-01-30,,,119867000.0,,,,,
2016-02-01,143407.0,4.9,,5770.0,3.8,5265.0,2.1,1894.0
2016-02-06,,,119881000.0,,,,,
2016-02-13,,,119968000.0,,,,,
2016-02-20,,,120022000.0,,,,,
2016-02-27,,,120059000.0,,,,,
2016-03-01,143662.0,5.0,,6129.0,3.7,5133.0,2.0,1850.0
2016-03-05,,,120068000.0,,,,,
2016-03-12,,,120126000.0,,,,,
2016-03-19,,,120252000.0,,,,,
2016-03-26,,,120281000.0,,,,,
2016-04-01,143855.0,5.1,,5803.0,3.7,5110.0,2.1,1771.0
2016-04-02,,,120298000.0,,,,,
2016-04-09,,,120341000.0,,,,,
2016-04-16,,,120372000.0,,,,,
2016-04-23,,,120379000.0,,,,,
2016-04-30,,,120371000.0,,,,,
2016-05-01,143900.0,4.8,,5777.0,3.6,5176.0,2.1,1825.0
2016-05-07,,,120374000.0,,,,,
2016-05-14,,,120421000.0,,,,,
2016-05-21,,,120407000.0,,,,,
2016-05-28,,,120459000.0,,,,,
2016-06-01,144146.0,4.9,,5742.0,3.7,5118.0,2.1,1750.0
2016-06-04,,,120542000.0,,,,,
2016-06-11,,,120638000.0,,,,,
2016-06-18,,,120685000.0,,,,,
2016-06-25,,,120728000.0,,,,,
2016-07-01,144520.0,4.8,,5962.0,3.8,5065.0,2.1,1759.0
2016-07-02,,,120769000.0,,,,,
2016-07-09,,,120857000.0,,,,,
2016-07-16,,,120896000.0,,,,,
2016-07-23,,,120913000.0,,,,,
2016-07-30,,,120942000.0,,,,,
2016-08-01,144662.0,4.9,,5677.0,3.7,5204.0,2.1,1860.0
2016-08-06,,,120999000.0,,,,,
2016-08-13,,,121019000.0,,,,,
2016-08-20,,,121048000.0,,,,,
2016-08-27,,,121088000.0,,,,,
2016-09-01,144967.0,5.0,,5868.0,3.7,4985.0,2.1,1588.0
2016-09-03,,,121130000.0,,,,,
2016-09-10,,,121169000.0,,,,,
2016-09-17,,,121199000.0,,,,,
2016-09-24,,,121254000.0,,,,,
2016-10-01,145066.0,4.9,121300000.0,5591.0,3.6,5125.0,2.1,1664.0
2016-10-08,,,121344000.0,,,,,
2016-10-15,,,121356000.0,,,,,
2016-10-22,,,121397000.0,,,,,
2016-10-29,,,121439000.0,,,,,
2016-11-01,145183.0,4.7,,5971.0,3.7,5139.0,2.1,1751.0
2016-11-05,,,121547000.0,,,,,
2016-11-12,,,121571000.0,,,,,
2016-11-19,,,121598000.0,,,,,
2016-11-26,,,121673000.0,,,,,
2016-12-01,145408.0,4.7,,5964.0,3.7,5071.0,2.1,1708.0
2016-12-03,,,121715000.0,,,,,
2016-12-10,,,121735000.0,,,,,
2016-12-17,,,121677000.0,,,,,
2016-12-24,,,121798000.0,,,,,
2016-12-31,,,121832000.0,,,,,
2017-01-01,145628.0,4.7,,5617.0,3.8,5320.0,2.2,1745.0
2017-01-07,,,121818000.0,,,,,
2017-01-14,,,121905000.0,,,,,
2017-01-21,,,121921000.0,,,,,
2017-01-28,,,121926000.0,,,,,
2017-02-01,145848.0,4.6,,5923.0,3.7,5176.0,2.1,1711.0
2017-02-04,,,121905000.0,,,,,
2017-02-11,,,121930000.0,,,,,
2017-02-18,,,121991000.0,,,,,
2017-02-25,,,121995000.0,,,,,
2017-03-01,145969.0,4.4,,5811.0,3.7,5280.0,2.2,1762.0
2017-03-04,,,122014000.0,,,,,
2017-03-11,,,122045000.0,,,,,
2017-03-18,,,122097000.0,,,,,
2017-03-25,,,122101000.0,,,,,
2017-04-01,146174.0,4.4,122105000.0,6091.0,3.6,5091.0,2.1,1710.0
2017-04-08,,,122148000.0,,,,,
2017-04-15,,,122244000.0,,,,,
2017-04-22,,,122289000.0,,,,,
2017-04-29,,,122344000.0,,,,,
2017-05-01,146380.0,4.4,,5826.0,3.7,5270.0,2.1,1794.0
2017-05-06,,,122380000.0,,,,,
2017-05-13,,,122485000.0,,,,,
2017-05-20,,,122518000.0,,,,,
2017-05-27,,,122548000.0,,,,,
2017-06-01,146583.0,4.3,,6305.0,3.8,5463.0,2.2,1970.0
2017-06-03,,,122600000.0,,,,,
2017-06-10,,,122639000.0,,,,,
2017-06-17,,,122674000.0,,,,,
2017-06-24,,,122705000.0,,,,,
2017-07-01,146772.0,4.3,122732000.0,6238.0,3.7,5338.0,2.1,1910.0
2017-07-08,,,122798000.0,,,,,
2017-07-15,,,122839000.0,,,,,
2017-07-22,,,122866000.0,,,,,
2017-07-29,,,122900000.0,,,,,
2017-08-01,146919.0,4.4,,6276.0,3.8,5334.0,2.1,1868.0
2017-08-05,,,122957000.0,,,,,
2017-08-12,,,123004000.0,,,,,
2017-08-19,,,123041000.0,,,,,
2017-08-26,,,123101000.0,,,,,
2017-09-01,147007.0,4.3,,6320.0,3.7,5289.0,2.2,1787.0
2017-09-02,,,123165000.0,,,,,
2017-09-09,,,123207000.0,,,,,
2017-09-16,,,123250000.0,,,,,
2017-09-23,,,123258000.0,,,,,
2017-09-30,,,123304000.0,,,,,
2017-10-01,147150.0,4.2,,6408.0,3.8,5397.0,2.2,1837.0
2017-10-07,,,123335000.0,,,,,
2017-10-14,,,123359000.0,,,,,
2017-10-21,,,123383000.0,,,,,
2017-10-28,,,123429000.0,,,,,
2017-11-01,147373.0,4.2,,6271.0,3.7,5283.0,2.2,1747.0
2017-11-04,,,123516000.0,,,,,
2017-11-11,,,123537000.0,,,,,
2017-11-18,,,123569000.0,,,,,
2017-11-25,,,123640000.0,,,,,
2017-12-01,147523.0,4.1,,6336.0,3.7,5249.0,2.2,1732.0
2017-12-02,,,123710000.0,,,,,
2017-12-09,,,123766000.0,,,,,
2017-12-16,,,123783000.0,,,,,
2017-12-23,,,123903000.0,,,,,
2017-12-30,,,123911000.0,,,,,
2018-01-01,147660.0,4.0,,6621.0,3.7,5288.0,2.0,1932.0
2018-01-06,,,123970000.0,,,,,
2018-01-13,,,124027000.0,,,,,
2018-01-20,,,124038000.0,,,,,
2018-01-27,,,124096000.0,,,,,
2018-02-01,148054.0,4.1,,6552.0,3.8,5319.0,2.2,1771.0
2018-02-03,,,124151000.0,,,,,
2018-02-10,,,124203000.0,,,,,
2018-02-17,,,124253000.0,,,,,
2018-02-24,,,124340000.0,,,,,
2018-03-01,148280.0,4.0,,6818.0,3.8,5500.0,2.2,1795.0
2018-03-03,,,124393000.0,,,,,
2018-03-10,,,124448000.0,,,,,
2018-03-17,,,124444000.0,,,,,
2018-03-24,,,124516000.0,,,,,
2018-03-31,,,124535000.0,,,,,
2018-04-01,148422.0,4.0,,6877.0,3.8,5441.0,2.3,1727.0
2018-04-07,,,124512000.0,,,,,
2018-04-14,,,124526000.0,,,,,
2018-04-21,,,124519000.0,,,,,
2018-04-28,,,124542000.0,,,,,
2018-05-01,148740.0,3.8,,7016.0,3.9,5492.0,2.3,1775.0
2018-05-05,,,124575000.0,,,,,
2018-05-12,,,124636000.0,,,,,
2018-05-19,,,124695000.0,,,,,
2018-05-26,,,124692000.0,,,,,
2018-06-01,148959.0,4.0,,7230.0,3.9,5566.0,2.3,1822.0
2018-06-02,,,124758000.0,,,,,
2018-06-09,,,124801000.0,,,,,
2018-06-16,,,124843000.0,,,,,
2018-06-23,,,124910000.0,,,,,
2018-06-30,,,124928000.0,,,,,
2018-07-01,149020.0,3.8,,7190.0,3.8,5577.0,2.3,1806.0
2018-07-07,,,124980000.0,,,,,
2018-07-14,,,125014000.0,,,,,
2018-07-21,,,125069000.0,,,,,
2018-07-28,,,125109000.0,,,,,
2018-08-01,149279.0,3.8,,7208.0,3.9,5543.0,2.3,1803.0
2018-08-04,,,125169000.0,,,,,
2018-08-11,,,125224000.0,,,,,
2018-08-18,,,125258000.0,,,,,
2018-08-25,,,125283000.0,,,,,
2018-09-01,149358.0,3.7,125291000.0,7411.0,3.8,5494.0,2.3,1764.0
2018-09-08,,,125321000.0,,,,,
2018-09-15,,,125336000.0,,,,,
2018-09-22,,,125364000.0,,,,,
2018-09-29,,,125416000.0,,,,,
2018-10-01,149526.0,3.8,,7304.0,4.0,5602.0,2.3,1813.0
2018-10-06,,,125503000.0,,,,,
2018-10-13,,,125591000.0,,,,,
2018-10-20,,,125650000.0,,,,,
2018-10-27,,,125661000.0,,,,,
2018-11-01,149617.0,3.8,,7594.0,3.9,5793.0,2.3,1938.0
2018-11-03,,,125700000.0,,,,,
2018-11-10,,,125786000.0,,,,,
2018-11-17,,,125786000.0,,,,,
2018-11-24,,,125830000.0,,,,,
2018-12-01,149809.0,3.9,125784000.0,7489.0,3.9,5554.0,2.3,1839.0
2018-12-08,,,125780000.0,,,,,
2018-12-15,,,125808000.0,,,,,
2018-12-22,,,125941000.0,,,,,
2018-12-29,,,126152000.0,,,,,
2019-01-01,150059.0,4.0,,7502.0,3.9,5549.0,2.3,1705.0
2019-01-05,,,126172000.0,,,,,
2019-01-12,,,126217000.0,,,,,
2019-01-19,,,126232000.0,,,,,
2019-01-26,,,126320000.0,,,,,
2019-02-01,150065.0,3.8,,7066.0,3.8,5653.0,2.4,1763.0
2019-02-02,,,126360000.0,,,,,
2019-02-09,,,126355000.0,,,,,
2019-02-16,,,126376000.0,,,,,
2019-02-23,,,126380000.0,,,,,
2019-03-01,150295.0,3.8,,7317.0,3.8,5543.0,2.3,1690.0
2019-03-02,,,126356000.0,,,,,
2019-03-09,,,126323000.0,,,,,
2019-03-16,,,126340000.0,,,,,
2019-03-23,,,126319000.0,,,,,
2019-03-30,,,126316000.0,,,,,
2019-04-01,150593.0,3.7,,7272.0,4.0,5777.0,2.3,1963.0
2019-04-06,,,126343000.0,,,,,
2019-04-13,,,126393000.0,,,,,
2019-04-20,,,126519000.0,,,,,
2019-04-27,,,126622000.0,,,,,
2019-05-01,150621.0,3.6,,7275.0,3.8,5556.0,2.3,1775.0
2019-05-04,,,126586000.0,,,,,
2019-05-11,,,126485000.0,,,,,
2019-05-18,,,126505000.0,,,,,
2019-05-25,,,126498000.0,,,,,
2019-06-01,150839.0,3.6,126512000.0,7194.0,3.8,5574.0,2.3,1780.0
2019-06-08,,,126495000.0,,,,,
2019-06-15,,,126520000.0,,,,,
2019-06-22,,,126539000.0,,,,,
2019-06-29,,,126510000.0,,,,,
2019-07-01,150936.0,3.7,,7042.0,3.9,5839.0,2.4,1833.0
2019-07-06,,,126567000.0,,,,,
2019-07-13,,,126555000.0,,,,,
2019-07-20,,,126554000.0,,,,,
2019-07-27,,,126572000.0,,,,,
2019-08-01,151171.0,3.6,,7178.0,3.9,5657.0,2.3,1808.0
2019-08-03,,,126586000.0,,,,,
2019-08-10,,,126592000.0,,,,,
2019-08-17,,,126558000.0,,,,,
2019-08-24,,,126520000.0,,,,,
2019-08-31,,,126443000.0,,,,,
2019-09-01,151365.0,3.5,,7124.0,3.9,5755.0,2.3,1970.0
2019-09-07,,,126373000.0,,,,,
2019-09-14,,,126367000.0,,,,,
2019-09-21,,,126360000.0,,,,,
2019-09-28,,,126381000.0,,,,,
2019-10-01,151460.0,3.6,,7289.0,3.8,5631.0,2.3,1819.0
2019-10-05,,,126437000.0,,,,,
2019-10-12,,,126443000.0,,,,,
2019-10-19,,,126434000.0,,,,,
2019-10-26,,,126463000.0,,,,,
2019-11-01,151668.0,3.6,,6888.0,3.9,5675.0,2.3,1782.0
2019-11-02,,,126500000.0,,,,,
2019-11-09,,,126507000.0,,,,,
2019-11-16,,,126463000.0,,,,,
2019-11-23,,,126503000.0,,,,,
2019-11-30,,,126633000.0,,,,,
2019-12-01,151795.0,3.6,,6699.0,3.9,5771.0,2.3,1931.0
2019-12-07,,,126811000.0,,,,,
2019-12-14,,,126910000.0,,,,,
2019-12-21,,,126807000.0,,,,,
2019-12-28,,,126720000.0,,,,,
2020-01-01,152031.0,3.6,,7124.0,3.9,5741.0,2.3,1808.0
2020-01-04,,,126705000.0,,,,,
2020-01-11,,,126666000.0,,,,,
2020-01-18,,,126626000.0,,,,,
2020-01-25,,,126723000.0,,,,,
2020-02-01,152292.0,3.5,126744000.0,6966.0,3.9,5764.0,2.3,1954.0
2020-02-08,,,126740000.0,,,,,
2020-02-15,,,126733000.0,,,,,
2020-02-22,,,126737000.0,,,,,
2020-02-29,,,126703000.0,,,,,
2020-03-01,150895.0,4.4,,5894.0,3.4,16275.0,1.9,12985.0
2020-03-07,,,126684000.0,,,,,
2020-03-14,,,126631000.0,,,,,
2020-03-21,,,126553000.0,,,,,
2020-03-28,,,125883000.0,,,,,
2020-04-01,130424.0,14.8,,4606.0,3.1,11531.0,1.5,9170.0
2020-04-04,,,124318000.0,,,,,
2020-04-11,,,122376000.0,,,,,
2020-04-18,,,120537000.0,,,,,
2020-04-25,,,119044000.0,,,,,
2020-05-01,133040.0,13.2,,5612.0,6.1,4718.0,1.7,2139.0
2020-05-02,,,118077000.0,,,,,
2020-05-09,,,117499000.0,,,,,
2020-05-16,,,117310000.0,,,,,
2020-05-23,,,117185000.0,,,,,
2020-05-30,,,117177000.0,,,,,
2020-06-01,137671.0,11.0,,6129.0,5.4,5176.0,1.9,2245.0
2020-06-06,,,117194000.0,,,,,
2020-06-13,,,117202000.0,,,,,
2020-06-20,,,117196000.0,,,,,
2020-06-27,,,117188000.0,,,,,
2020-07-01,139255.0,10.2,,6530.0,4.5,5191.0,2.2,1827.0
2020-07-04,,,117204000.0,,,,,
2020-07-11,,,117185000.0,,,,,
2020-07-18,,,117184000.0,,,,,
2020-07-25,,,117159000.0,,,,,
2020-08-01,140819.0,8.4,117165000.0,6429.0,4.3,4813.0,2.1,1560.0
2020-08-08,,,117157000.0,,,,,
2020-08-15,,,117294000.0,,,,,
2020-08-22,,,117537000.0,,,,,
2020-08-29,,,117694000.0,,,,,
2020-09-01,141770.0,7.8,,6511.0,4.2,5123.0,2.2,1567.0
2020-09-05,,,117939000.0,,,,,
2020-09-12,,,118220000.0,,,,,
2020-09-19,,,118386000.0,,,,,
2020-09-26,,,118473000.0,,,,,
2020-10-01,142461.0,6.9,,6798.0,4.3,5356.0,2.3,1697.0
2020-10-03,,,118648000.0,,,,,
2020-10-10,,,118778000.0,,,,,
2020-10-17,,,118860000.0,,,,,
2020-10-24,,,118984000.0,,,,,
2020-10-31,,,119168000.0,,,,,
2020-11-01,142731.0,6.7,,6820.0,4.1,5631.0,2.2,2097.0
2020-11-07,,,119324000.0,,,,,
2020-11-14,,,119428000.0,,,,,
2020-11-21,,,119561000.0,,,,,
2020-11-28,,,119754000.0,,,,,
2020-12-01,142548.0,6.7,,6773.0,3.9,5601.0,2.4,1906.0
2020-12-05,,,119979000.0,,,,,
2020-12-12,,,120141000.0,,,,,
2020-12-19,,,120180000.0,,,,,
2020-12-26,,,120301000.0,,,,,
2021-01-01,142913.0,6.4,,7204.0,3.9,5229.0,2.3,1657.0
2021-01-02,,,120395000.0,,,,,
2021-01-09,,,120532000.0,,,,,
2021-01-16,,,120591000.0,,,,,
2021-01-23,,,120631000.0,,,,,
2021-01-30,,,120659000.0,,,,,
2021-02-01,143422.0,6.2,,7752.0,4.0,5381.0,2.4,1625.0
2021-02-06,,,120680000.0,,,,,
2021-02-13,,,120782000.0,,,,,
2021-02-20,,,120894000.0,,,,,
2021-02-27,,,120972000.0,,,,,
2021-03-01,144246.0,6.1,,8470.0,4.3,5477.0,2.5,1488.0
2021-03-06,,,121024000.0,,,,,
2021-03-13,,,121185000.0,,,,,
2021-03-20,,,121176000.0,,,,,
2021-03-27,,,121199000.0,,,,,
2021-04-01,144611.0,6.1,,9356.0,4.3,5693.0,2.7,1430.0
2021-04-03,,,121205000.0,,,,,
2021-04-10,,,121204000.0,,,,,
2021-04-17,,,121239000.0,,,,,
2021-04-24,,,121291000.0,,,,,
2021-05-01,145032.0,5.8,121288000.0,9905.0,4.1,5535.0,2.6,1352.0
2021-05-08,,,121320000.0,,,,,
2021-05-15,,,121363000.0,,,,,
2021-05-22,,,121369000.0,,,,,
2021-05-29,,,121434000.0,,,,,
2021-06-01,145828.0,5.9,,10298.0,4.5,5681.0,2.7,1299.0
2021-06-05,,,121553000.0,,,,,
2021-06-12,,,121715000.0,,,,,
2021-06-19,,,121862000.0,,,,,
2021-06-26,,,122020000.0,,,,,
2021-07-01,146759.0,5.4,,11049.0,4.6,5756.0,2.7,1390.0
2021-07-03,,,122237000.0,,,,,
2021-07-10,,,122449000.0,,,,,
2021-07-17,,,122729000.0,,,,,
2021-07-24,,,123151000.0,,,,,
2021-07-31,,,123556000.0,,,,,
2021-08-01,147246.0,5.1,,10956.0,4.3,5833.0,2.8,1338.0
2021-08-07,,,123787000.0,,,,,
2021-08-14,,,123976000.0,,,,,
2021-08-21,,,124148000.0,,,,,
2021-08-28,,,124314000.0,,,,,
2021-09-01,147712.0,4.7,,10879.0,4.5,6107.0,2.9,1428.0
2021-09-04,,,124465000.0,,,,,
2021-09-11,,,124673000.0,,,,,
2021-09-18,,,124871000.0,,,,,
2021-09-25,,,125066000.0,,,,,
2021-10-01,148569.0,4.5,,11341.0,4.5,5808.0,2.8,1285.0
2021-10-02,,,125303000.0,,,,,
2021-10-09,,,125490000.0,,,,,
2021-10-16,,,125666000.0,,,,,
2021-10-23,,,125804000.0,,,,,
2021-10-30,,,125965000.0,,,,,
2021-11-01,149206.0,4.2,,11119.0,4.6,6247.0,3.0,1368.0
2021-11-06,,,126115000.0,,,,,
2021-11-13,,,126264000.0,,,,,
2021-11-20,,,126346000.0,,,,,
2021-11-27,,,126525000.0,,,,,
2021-12-01,149781.0,3.9,,11417.0,4.4,6144.0,2.9,1376.0
2021-12-04,,,126774000.0,,,,,
2021-12-11,,,126914000.0,,,,,
2021-12-18,,,126962000.0,,,,,
2021-12-25,,,127010000.0,,,,,
2022-01-01,150006.0,4.0,127032000.0,11238.0,4.3,6265.0,2.9,1434.0
2022-01-08,,,127047000.0,,,,,
2022-01-15,,,127179000.0,,,,,
2022-01-22,,,127365000.0,,,,,
2022-01-29,,,127471000.0,,,,,
2022-02-01,150875.0,3.8,,11661.0,4.5,6081.0,2.9,1420.0
2022-02-05,,,127572000.0,,,,,
2022-02-12,,,127710000.0,,,,,
2022-02-19,,,127825000.0,,,,,
2022-02-26,,,127868000.0,,,,,
2022-03-01,151346.0,3.7,,12134.0,4.4,6235.0,3.0,1383.0
2022-03-05,,,127917000.0,,,,,
2022-03-12,,,127987000.0,,,,,
2022-03-19,,,128075000.0,,,,,
2022-03-26,,,128133000.0,,,,,
2022-04-01,151651.0,3.7,,11881.0,4.4,6140.0,2.9,1353.0
2022-04-02,,,128187000.0,,,,,
2022-04-09,,,128234000.0,,,,,
2022-04-16,,,128311000.0,,,,,
2022-04-23,,,128382000.0,,,,,
2022-04-30,,,128444000.0,,,,,
2022-05-01,151892.0,3.6,,11483.0,4.3,6115.0,2.8,1509.0
2022-05-07,,,128493000.0,,,,,
2022-05-14,,,128556000.0,,,,,
2022-05-21,,,128589000.0,,,,,
2022-05-28,,,128663000.0,,,,,
2022-06-01,152353.0,3.6,,11256.0,4.3,5991.0,2.7,1497.0
2022-06-04,,,128803000.0,,,,,
2022-06-11,,,128918000.0,,,,,
2022-06-18,,,129051000.0,,,,,
2022-06-25,,,129184000.0,,,,,
2022-07-01,153049.0,3.5,,11610.0,4.2,5797.0,2.6,1459.0
2022-07-02,,,129329000.0,,,,,
2022-07-09,,,129464000.0,,,,,
2022-07-16,,,129556000.0,,,,,
2022-07-23,,,129632000.0,,,,,
2022-07-30,,,129697000.0,,,,,
2022-08-01,153286.0,3.6,,10148.0,4.2,6181.0,2.7,1609.0
2022-08-06,,,129791000.0,,,,,
2022-08-13,,,129879000.0,,,,,
2022-08-20,,,129963000.0,,,,,
2022-08-27,,,130006000.0,,,,,
2022-09-01,153513.0,3.5,,10812.0,4.0,5862.0,2.7,1443.0
2022-09-03,,,130084000.0,,,,,
2022-09-10,,,130215000.0,,,,,
2022-09-17,,,130323000.0,,,,,
2022-09-24,,,130370000.0,,,,,
2022-10-01,153913.0,3.6,130455000.0,10488.0,4.0,5753.0,2.6,1539.0
2022-10-08,,,130510000.0,,,,,
2022-10-15,,,130541000.0,,,,,
2022-10-22,,,130593000.0,,,,,
2022-10-29,,,130665000.0,,,,,
2022-11-01,154210.0,3.6,,10619.0,4.0,5864.0,2.6,1461.0
2022-11-05,,,130735000.0,,,,,
2022-11-12,,,130762000.0,,,,,
2022-11-19,,,130812000.0,,,,,
2022-11-26,,,130902000.0,,,,,
2022-12-01,154336.0,3.5,,10876.0,4.0,6029.0,2.7,1520.0
2022-12-03,,,130815000.0,,,,,
2022-12-10,,,130760000.0,,,,,
2022-12-17,,,130884000.0,,,,,
2022-12-24,,,131013000.0,,,,,
2022-12-31,,,131093000.0,,,,,
2023-01-01,154780.0,3.5,,10393.0,4.1,6026.0,2.5,1904.0
2023-01-07,,,131105000.0,,,,,
2023-01-14,,,131131000.0,,,,,
2023-01-21,,,131164000.0,,,,,
2023-01-28,,,131180000.0,,,,,
2023-02-01,155086.0,3.6,,9846.0,3.9,5770.0,2.5,1539.0
2023-02-04,,,131188000.0,,,,,
2023-02-11,,,131223000.0,,,,,
2023-02-18,,,131288000.0,,,,,
2023-02-25,,,131265000.0,,,,,
2023-03-01,155171.0,3.5,,9572.0,3.8,5910.0,2.5,1814.0
2023-03-04,,,131236000.0,,,,,
2023-03-11,,,131250000.0,,,,,
2023-03-18,,,131235000.0,,,,,
2023-03-25,,,131294000.0,,,,,
2023-04-01,155387.0,3.4,131293000.0,9992.0,3.8,5612.0,2.3,1686.0
2023-04-08,,,131328000.0,,,,,
2023-04-15,,,131367000.0,,,,,
2023-04-22,,,131397000.0,,,,,
2023-04-29,,,131404000.0,,,,,
2023-05-01,155614.0,3.6,,9310.0,3.9,5842.0,2.6,1519.0
2023-05-06,,,131412000.0,,,,,
2023-05-13,,,131419000.0,,,,,
2023-05-20,,,131462000.0,,,,,
2023-05-27,,,131460000.0,,,,,
2023-06-01,155871.0,3.6,,9191.0,3.8,5668.0,2.4,1637.0
2023-06-03,,,131500000.0,,,,,
2023-06-10,,,131523000.0,,,,,
2023-06-17,,,131565000.0,,,,,
2023-06-24,,,131617000.0,,,,,
2023-07-01,156019.0,3.5,131648000.0,8606.0,3.6,5561.0,2.3,1675.0
2023-07-08,,,131692000.0,,,,,
2023-07-15,,,131703000.0,,,,,
2023-07-22,,,131756000.0,,,,,
2023-07-29,,,131774000.0,,,,,
2023-08-01,156176.0,3.7,,9287.0,3.7,5661.0,2.3,1691.0
2023-08-05,,,131831000.0,,,,,
2023-08-12,,,131822000.0,,,,,
2023-08-19,,,131865000.0,,,,,
2023-08-26,,,131883000.0,,,,,
2023-09-01,156334.0,3.8,,9279.0,3.7,5533.0,2.3,1561.0
2023-09-02,,,131906000.0,,,,,
2023-09-09,,,131942000.0,,,,,
2023-09-16,,,131917000.0,,,,,
2023-09-23,,,131918000.0,,,,,
2023-09-30,,,131982000.0,,,,,
2023-10-01,156520.0,3.9,,8550.0,3.6,5513.0,2.3,1621.0
2023-10-07,,,132031000.0,,,,,
2023-10-14,,,132047000.0,,,,,
2023-10-21,,,132032000.0,,,,,
2023-10-28,,,132057000.0,,,,,
2023-11-01,156661.0,3.7,,8663.0,3.5,5429.0,2.3,1526.0
2023-11-04,,,132113000.0,,,,,
2023-11-11,,,132156000.0,,,,,
2023-11-18,,,132147000.0,,,,,
2023-11-25,,,132186000.0,,,,,
2023-12-01,156930.0,3.8,,8585.0,3.6,5342.0,2.1,1648.0
2023-12-02,,,132185000.0,,,,,
2023-12-09,,,132107000.0,,,,,
2023-12-16,,,132242000.0,,,,,
2023-12-23,,,132280000.0,,,,,
2023-12-30,,,132319000.0,,,,,
2024-01-01,157049.0,3.7,,8468.0,3.5,5429.0,2.1,1692.0
2024-01-06,,,132347000.0,,,,,
2024-01-13,,,132371000.0,,,,,
2024-01-20,,,132430000.0,,,,,
2024-01-27,,,132452000.0,,,,,
2024-02-01,157271.0,3.9,,8445.0,3.6,5476.0,2.2,1681.0
2024-02-03,,,132418000.0,,,,,
2024-02-10,,,132430000.0,,,,,
2024-02-17,,,132462000.0,,,,,
2024-02-24,,,132449000.0,,,,,
2024-03-01,157517.0,3.9,,8093.0,3.5,5268.0,2.1,1614.0
2024-03-02,,,132485000.0,,,,,
2024-03-09,,,132532000.0,,,,,
2024-03-16,,,132544000.0,,,,,
2024-03-23,,,132595000.0,,,,,
2024-03-30,,,132616000.0,,,,,
2024-04-01,157635.0,3.9,,7619.0,3.5,5388.0,2.2,1587.0
2024-04-06,,,132613000.0,,,,,
2024-04-13,,,132657000.0,,,,,
2024-04-20,,,132681000.0,,,,,
2024-04-27,,,132694000.0,,,,,
2024-05-01,157828.0,4.0,,7901.0,3.5,5314.0,2.1,1665.0
2024-05-04,,,132733000.0,,,,,
2024-05-11,,,132792000.0,,,,,
2024-05-18,,,132821000.0,,,,,
2024-05-25,,,132838000.0,,,,,
2024-06-01,157915.0,4.1,132906000.0,7412.0,3.2,5064.0,2.1,1467.0
2024-06-08,,,132938000.0,,,,,
2024-06-15,,,132957000.0,,,,,
2024-06-22,,,132968000.0,,,,,
2024-06-29,,,132972000.0,,,,,
2024-07-01,158003.0,4.2,,7504.0,3.4,5434.0,2.1,1745.0
2024-07-06,,,132980000.0,,,,,
2024-07-13,,,132999000.0,,,,,
2024-07-20,,,133013000.0,,,,,
2024-07-27,,,133042000.0,,,,,
2024-08-01,158074.0,4.2,,7649.0,3.3,5170.0,2.0,1697.0
2024-08-03,,,133063000.0,,,,,
2024-08-10,,,133109000.0,,,,,
2024-08-17,,,133179000.0,,,,,
2024-08-24,,,133207000.0,,,,,
2024-08-31,,,133248000.0,,,,,
2024-09-01,158314.0,4.1,,7103.0,3.5,5197.0,1.9,1844.0
2024-09-07,,,133307000.0,,,,,
2024-09-14,,,133373000.0,,,,,
2024-09-21,,,133407000.0,,,,,
2024-09-28,,,133465000.0,,,,,
2024-10-01,158358.0,4.1,,7615.0,3.4,5285.0,2.0,1788.0
2024-10-05,,,133513000.0,,,,,
2024-10-12,,,133594000.0,,,,,
2024-10-19,,,133632000.0,,,,,
2024-10-26,,,133722000.0,,,,,
2024-11-01,158619.0,4.2,,8031.0,3.3,5087.0,1.9,1739.0
2024-11-02,,,133784000.0,,,,,
2024-11-09,,,133815000.0,,,,,
2024-11-16,,,133798000.0,,,,,
2024-11-23,,,133864000.0,,,,,
2024-11-30,,,134069000.0,,,,,
2024-12-01,158942.0,4.1,,7508.0,3.4,5082.0,1.9,1669.0
2024-12-07,,,134121000.0,,,,,
2024-12-14,,,134142000.0,,,,,
2024-12-21,,,134264000.0,,,,,
2024-12-28,,,134456000.0,,,,,
2025-01-01,159053.0,4.0,,7762.0,3.4,5272.0,2.0,1674.0
2025-01-04,,,134550000.0,,,,,
2025-01-11,,,134405000.0,,,,,
2025-01-18,,,134328000.0,,,,,
2025-01-25,,,134353000.0,,,,,
2025-02-01,159155.0,4.1,134346000.0,7480.0,3.4,5316.0,2.0,1780.0
2025-02-08,,,134377000.0,,,,,
2025-02-15,,,134412000.0,,,,,
2025-02-22,,,134401000.0,,,,,
2025-03-01,159275.0,4.2,134370000.0,7200.0,3.4,5183.0,2.1,1590.0
2025-03-08,,,134456000.0,,,,,
2025-03-15,,,134559000.0,,,,,
2025-03-22,,,134593000.0,,,,,
2025-03-29,,,134559000.0,,,,,
2025-04-01,159433.0,4.2,,7395.0,3.5,5313.0,2.0,1789.0
2025-04-05,,,134564000.0,,,,,
2025-04-12,,,134619000.0,,,,,
2025-04-19,,,134676000.0,,,,,
2025-04-26,,,134676000.0,,,,,
2025-05-01,159452.0,4.2,,7712.0,3.4,5213.0,2.0,1611.0
2025-05-03,,,134662000.0,,,,,
2025-05-10,,,134662000.0,,,,,
2025-05-17,,,134647000.0,,,,,
2025-05-24,,,134606000.0,,,,,
2025-05-31,,,134625000.0,,,,,
2025-06-01,159439.0,4.1,,7357.0,3.3,5341.0,2.0,1796.0
2025-06-07,,,134622000.0,,,,,
2025-06-14,,,134624000.0,,,,,
2025-06-21,,,134632000.0,,,,,
2025-06-28,,,134666000.0,,,,,
2025-07-01,159518.0,4.2,,7181.0,3.3,5289.0,2.0,1808.0
2025-07-05,,,134720000.0,,,,,
2025-07-12,,,134730000.0,,,,,
2025-07-19,,,134754000.0,,,,,
2025-08-01,159540.0,4.3,,,,,,
