DATE,Germany,France,Japan,UK,Switzerland,Canada,Australia
2000-01-31,5.53952380952381,5.66,1.6909999999999998,5.8227,3.784,6.4915,7.177894737000001
2000-02-29,5.508571428571429,5.62,1.796,5.6347,3.868,6.338571428571429,6.957619048
2000-03-31,5.33304347826087,5.43,1.819,5.3707,4.155,6.02826086956522,6.570434783
2000-04-30,5.22555555555556,5.33,1.74,5.3213,4.0760000000000005,5.924210526315791,6.264705882
2000-05-31,5.37818181818182,5.5,1.705,5.4033,4.19,6.215,6.465652174
2000-06-30,5.19136363636364,5.32,1.664,5.2097,4.008,5.895454545454551,6.172380952
2000-07-31,5.266190476190481,5.4,1.689,5.2388,3.976,5.8635,6.161904762000001
2000-08-31,5.210434782608701,5.36,1.75,5.3312,3.84,5.76636363636364,6.227391304
2000-09-30,5.263333333333329,5.42,1.876,5.3873,3.954,5.7295,6.136190476
2000-10-31,5.20714285714286,5.36,1.815,5.2179,3.927,5.723333333333329,6.107954545
2000-11-30,5.15363636363636,5.29,1.764,5.0983,3.771,5.72714285714286,5.989545455
2000-12-31,4.890526315789471,5.04,1.624,4.9118,3.552,5.40210526315789,5.543157895
2001-01-31,4.80318181818182,4.94,1.508,4.8471,3.497,5.41863636363636,5.40547619
2001-02-28,4.7775,4.93,1.415,4.8248,3.492,5.43,5.32125
2001-03-31,4.6677272727272685,4.84,1.169,4.703,3.327,5.30136363636364,5.130681818
2001-04-30,4.827894736842112,5.0,1.315,4.9468,3.529,5.5915,5.5772222220000005
2001-05-31,5.046818181818179,5.21,1.25,5.1153,3.556,5.85136363636364,5.943478261
2001-06-30,5.0,5.15,1.152,5.1951,3.383,5.71809523809524,5.89675
2001-07-31,5.01590909090909,5.15,1.305,5.2037,3.357,5.80047619047619,6.086363636000001
2001-08-31,4.82391304347826,4.95,1.343,4.9854,3.317,5.530909090909089,5.761521739
2001-09-30,4.813,4.94,1.346,4.9876,3.302,5.30263157894737,5.57825
2001-10-31,4.5995652173913,4.72,1.3630000000000002,4.8253,3.005,5.232727272727272,5.4076086960000005
2001-11-30,4.447727272727271,4.57,1.328,4.6271,3.261,5.177142857142861,5.457727273
2001-12-31,4.73588235294118,4.87,1.334,4.8928,3.555,5.40842105263158,5.816842105
2002-01-31,4.8627272727272715,4.93,1.42,4.9171,3.59,5.34363636363636,5.858333332999999
2002-02-28,4.9195,4.99,1.501,4.9251,3.61,5.321000000000001,5.94575
2002-03-31,5.161,5.24,1.421,5.2202,3.636,5.667000000000001,6.309
2002-04-30,5.1552380952381,5.24,1.394,5.2331,3.528,5.658636363636361,6.294
2002-05-31,5.1677272727272685,5.26,1.365,5.2689,3.465,5.59590909090909,6.215217391
2002-06-30,5.0175,5.11,1.328,5.099,3.299,5.424,6.007631579
2002-07-31,4.86739130434783,4.96,1.296,5.0027,3.248,5.2904545454545495,5.859782609
2002-08-31,4.5895454545454495,4.67,1.255,4.746,3.192,5.12047619047619,5.648409091
2002-09-30,4.38523809523809,4.46,1.129,4.5006,2.761,4.8855,5.4357142860000005
2002-10-31,4.46391304347826,4.55,1.095,4.6160000000000005,2.863,5.1272727272727305,5.659130435
2002-11-30,4.47761904761905,4.53,0.979,4.6378,2.799,5.0895,5.49952381
2002-12-31,4.33555555555556,4.38,0.975,4.5644,2.396,4.9675,5.395
2003-01-31,4.18,4.22,0.8359999999999999,4.3899,2.396,4.961818181818179,5.275
2003-02-28,3.955,4.01,0.8279999999999998,4.2131,2.375,5.012,5.16775
2003-03-31,4.0004761904761885,4.1,0.724,4.3243,2.537,4.99714285714286,5.271666667
2003-04-30,4.147,4.22,0.6629999999999999,4.4663,2.659,5.05190476190476,5.346052632
2003-05-31,3.815238095238101,3.89,0.577,4.2197,2.358,4.67190476190476,5.028181818
2003-06-30,3.6166666666666702,3.69,0.529,4.1127,2.607,4.28809523809524,4.80275
2003-07-31,3.97260869565217,4.01,0.956,4.4078,2.6660000000000004,4.68318181818182,5.232826087
2003-08-31,4.13,4.16,1.406,4.604,2.875,4.902,5.524047619
2003-09-30,4.17136363636364,4.23,1.42,4.7132,2.777,4.757142857142861,5.512954545
2003-10-31,4.22130434782609,4.28,1.4369999999999998,4.9071,2.882,4.815454545454551,5.608695652000001
2003-11-30,4.353,4.41,1.333,5.065,2.9930000000000003,4.85684210526316,5.874
2003-12-31,4.291052631578952,4.34,1.33,4.896,2.78,4.729047619047621,5.757380952
2004-01-31,4.17095238095238,4.2,1.33,4.7875,2.852,4.58619047619048,5.7005
2004-02-29,4.11,4.14,1.211,4.8056,2.681,4.4515,5.6205
2004-03-31,3.9134782608695695,3.98,1.418,4.7088,2.632,4.260434782608701,5.415434783
2004-04-30,4.097,4.18,1.52,4.957,2.809,4.612857142857139,5.803
2004-05-31,4.253333333333329,4.34,1.505,5.1118,2.888,4.773,5.958095238
2004-06-30,4.312727272727272,4.39,1.807,5.2,3.04,4.93272727272727,5.84547619
2004-07-31,4.2368181818181805,4.27,1.808,5.1083,2.957,4.75,5.717727273
2004-08-31,4.0804545454545496,4.11,1.588,5.0071,2.825,4.63095238095238,5.583181818
2004-09-30,4.01636363636364,4.09,1.393,4.9109,2.75,4.60238095238095,5.412045455
2004-10-31,3.894761904761899,3.98,1.483,4.7683,2.623,4.55,5.401428571
2004-11-30,3.7804545454545497,3.86,1.452,4.6903,2.443,4.484761904761911,5.4
2004-12-31,3.57952380952381,3.64,1.3969999999999998,4.5316,2.382,4.3204761904761915,5.231904762
2005-01-31,3.5647619047619,3.58,1.31,4.5419,2.249,4.2605,5.351842105
2005-02-28,3.5439999999999996,3.6,1.419,4.5884,2.381,4.205,5.39775
2005-03-31,3.69619047619048,3.75,1.325,4.796,2.355,4.35818181818182,5.652619047999999
2005-04-30,3.4823809523809506,3.54,1.257,4.6218,2.074,4.19380952380952,5.472
2005-05-31,3.30409090909091,3.38,1.238,4.4173,2.014,4.07380952380952,5.287727273
2005-06-30,3.1263636363636405,3.2,1.143,4.2847,1.999,3.82818181818182,5.14047619
2005-07-31,3.2057142857142895,3.27,1.295,4.3011,1.955,3.8995,5.190238095
2005-08-31,3.23260869565217,3.3,1.365,4.3249,1.928,3.9204545454545503,5.218695652
2005-09-30,3.06772727272727,3.13,1.45,4.2109,1.95,3.868571428571431,5.186363636
2005-10-31,3.23857142857143,3.29,1.513,4.3482,2.097,4.047,5.400238095
2005-11-30,3.44818181818182,3.5,1.454,4.3129,2.184,4.107142857142859,5.435227273
2005-12-31,3.3376190476190497,3.38,1.4880000000000002,4.2186,1.96,4.041,5.3465
2006-01-31,3.32136363636364,3.34,1.547,4.0752,2.153,4.0290476190476205,5.2035
2006-02-28,3.4725,3.51,1.598,4.1543,2.252,4.17,5.272
2006-03-31,3.6373913043478296,3.69,1.759,4.3177,2.517,4.199565217391299,5.341304348
2006-04-30,3.895,3.95,1.956,4.5177,2.752,4.415789473684209,5.579705882000001
2006-05-31,3.96272727272727,4.0,1.849,4.6488,2.7,4.39954545454545,5.75
2006-06-30,3.9604545454545503,4.01,1.901,4.6645,2.8480000000000003,4.44136363636364,5.737857143
2006-07-31,4.01,4.03,1.927,4.656000000000001,2.742,4.444,5.834047619
2006-08-31,3.88391304347826,3.9,1.668,4.6535,2.547,4.25272727272727,5.77326087
2006-09-30,3.75380952380952,3.77,1.628,4.5522,2.369,4.06857142857143,5.601666667000001
2006-10-31,3.7877272727272704,3.81,1.718,4.6155,2.495,4.10666666666667,5.665
2006-11-30,3.7140909090909098,3.74,1.69,4.5452,2.341,3.9995238095238097,5.599545455
2006-12-31,3.7705263157894704,3.81,1.645,4.6195,2.489,3.966315789473681,5.696578947000001
2007-01-31,4.01681818181818,4.07,1.705,4.8694,2.619,4.12181818181818,5.877619048
2007-02-28,4.049,4.1,1.64,4.896,2.556,4.1175,5.80925
2007-03-31,3.9409090909090896,4.0,1.629,4.8194,2.702,4.04590909090909,5.736818182
2007-04-30,4.1521052631579,4.21,1.653,5.0439,2.801,4.1715,5.909722222
2007-05-31,4.2790476190476205,4.34,1.733,5.1458,3.032,4.29272727272727,5.920869565
2007-06-30,4.560476190476191,4.62,1.903,5.4321,3.194,4.612857142857139,6.20475
2007-07-31,4.505,4.58,1.809,5.4084,3.108,4.59,6.149772727
2007-08-31,4.29652173913043,4.39,1.577,5.1499,3.049,4.42863636363636,5.925909091
2007-09-30,4.226,4.36,1.698,4.9928,3.056,4.356315789473681,5.992105262999999
2007-10-31,4.2826086956521685,4.4,1.616,4.9576,2.987,4.362727272727272,6.174347826
2007-11-30,4.0890909090909116,4.23,1.497,4.7263,2.906,4.121428571428569,6.025454545
2007-12-31,4.20588235294118,4.35,1.526,4.6937,3.111,4.01578947368421,6.207631579
2008-01-31,4.0277272727272715,4.15,1.429,4.4925,2.939,3.84818181818182,6.076428571
2008-02-29,3.95285714285714,4.08,1.429,4.6234,3.059,3.828,6.29452381
2008-03-31,3.7994736842105294,4.02,1.245,4.445,3.033,3.509,6.085526316
2008-04-30,4.04,4.27,1.6,4.6432,3.242,3.628636363636359,6.17047619
2008-05-31,4.20190476190476,4.41,1.778,4.8683,3.284,3.6214285714285697,6.355
2008-06-30,4.520476190476191,4.73,1.601,5.2103,3.29,3.76,6.58675
2008-07-31,4.4904347826087,4.69,1.537,5.0494,3.1660000000000004,3.7504545454545504,6.366521739
2008-08-31,4.202380952380951,4.4,1.431,4.7267,2.942,3.5915,5.8625
2008-09-30,4.0940909090909114,4.36,1.481,4.5701,2.6689999999999996,3.54095238095238,5.645909091
2008-10-31,3.8834782608695697,4.18,1.486,4.5789,2.764,3.66818181818182,5.215227273
2008-11-30,3.5565,3.98,1.3769999999999996,4.2571,2.226,3.57157894736842,4.94075
2008-12-31,3.0478947368421103,3.54,1.214,3.6238,2.148,2.9457142857142906,4.215714286
2009-01-31,3.0709523809523795,3.6,1.272,3.6699,2.221,2.81238095238095,4.08575
2009-02-28,3.1275,3.68,1.277,3.6899,2.174,2.9605263157894695,4.253
2009-03-31,3.01954545454545,3.65,1.323,3.2497,2.175,2.8859090909090894,4.327727273
2009-04-30,3.133,3.66,1.402,3.4072,2.196,2.9542857142857097,4.512
2009-05-31,3.3710000000000004,3.8,1.481,3.6206,2.536,3.202,5.004285714
2009-06-30,3.47363636363636,3.9,1.3630000000000002,3.7221,2.478,3.4590909090909094,5.556666667000001
2009-07-31,3.33782608695652,3.73,1.386,3.8238,2.192,3.42909090909091,5.487826087
2009-08-31,3.3052380952381,3.59,1.314,3.7142,2.124,3.4645,5.53325
2009-09-30,3.26318181818182,3.59,1.258,3.6566,2.155,3.36571428571429,5.323636364
2009-10-31,3.2090909090909094,3.56,1.404,3.5699,2.207,3.4252380952381003,5.450238095
2009-11-30,3.21714285714286,3.56,1.253,3.7592,2.002,3.3925,5.466666667
2009-12-31,3.1385,3.48,1.272,3.8871,1.972,3.41619047619048,5.473095237999999
2010-01-31,3.2575,3.52,1.308,4.0025,2.01,3.485,5.5575
2010-02-28,3.17,3.5,1.295,4.0624,1.931,3.42368421052632,5.4775
2010-03-31,3.10217391304348,3.44,1.361,4.0915,1.941,3.4904347826087005,5.62
2010-04-30,3.0645,3.4,1.286,4.1007,1.865,3.67,5.795
2010-05-31,2.7342857142857095,3.08,1.257,3.7772,1.573,3.4455,5.48
2010-06-30,2.54318181818182,3.07,1.08,3.6007,1.509,3.2977272727272706,5.3275
2010-07-31,2.6159090909090894,2.99,1.075,3.5087,1.5,3.1852380952381,5.145
2010-08-31,2.35,2.68,1.023,3.233,1.192,2.9495238095238103,4.97
2010-09-30,2.3004545454545497,2.68,0.898,3.1271,1.372,2.881428571428569,5.0025
2010-10-31,2.34571428571429,2.72,0.903,3.0685,1.458,2.766,5.085
2010-11-30,2.53272727272727,3.0,1.161,3.3110000000000004,1.558,3.0223809523809506,5.3775
2010-12-31,2.9147619047618996,3.34,1.133,3.6098,1.674,3.2047619047619,5.555
2011-01-31,3.0166666666666697,3.44,1.213,3.7273,1.818,3.253,5.52
2011-02-28,3.199,3.6,1.241,3.8799,1.897,3.4173684210526294,5.61
2011-03-31,3.2117391304347795,3.61,1.214,3.7386,1.931,3.26652173913043,5.435
2011-04-30,3.3405263157894702,3.69,1.215,3.7619,2.083,3.3280000000000003,5.5125
2011-05-31,3.06090909090909,3.49,1.118,3.5053,1.849,3.15190476190476,5.325
2011-06-30,2.89090909090909,3.43,1.084,3.4144,1.739,2.98772727272727,5.16
2011-07-31,2.74380952380952,3.4,1.075,3.3137,1.436,2.9385,5.02
2011-08-31,2.21347826086957,2.98,1.023,2.7833,1.133,2.4463636363636403,4.4925
2011-09-30,1.8290909090909095,2.64,0.975,2.504,1.003,2.1966666666666694,4.2025
2011-10-31,2.0023809523809497,2.99,1.038,2.529,1.082,2.296,4.37
2011-11-30,1.8740909090909097,3.41,1.062,2.2917,0.945,2.12238095238095,4.0825
2011-12-31,1.9276190476190505,3.16,0.971,2.1828,0.7399999999999999,1.992,3.825
2012-01-31,1.8209090909090897,3.18,0.959,2.1104,0.7349999999999999,1.98,3.795
2012-02-29,1.85190476190476,3.02,0.962,2.2191,0.7199999999999999,2.021,3.97
2012-03-31,1.83045454545455,2.95,0.966,2.323,0.854,2.10681818181818,4.15
2012-04-30,1.6242105263157902,2.99,0.914,2.2117,0.7349999999999999,2.0645,3.8575
2012-05-31,1.33681818181818,2.75,0.8459999999999999,1.9416,0.6099999999999999,1.9222727272727296,3.2775
2012-06-30,1.30047619047619,2.57,0.789,1.7698,0.6779999999999999,1.74761904761905,2.995
2012-07-31,1.24227272727273,2.28,0.78,1.6523,0.561,1.65619047619048,2.8875
2012-08-31,1.34173913043478,2.12,0.8,1.6735,0.569,1.82681818181818,3.1875
2012-09-30,1.4905,2.24,0.757,1.7222,0.5989999999999999,1.8378947368421097,3.0925
2012-10-31,1.46695652173913,2.19,0.76,1.7721,0.5969999999999999,1.81181818181818,3.0225
2012-11-30,1.33590909090909,2.14,0.7129999999999999,1.7741,0.53,1.73809523809524,3.0875
2012-12-31,1.2994117647058798,2.01,0.7809999999999999,1.8467,0.557,1.76789473684211,3.2275
2013-01-31,1.51227272727273,2.17,0.775,2.0795,0.789,1.9313636363636395,3.3975
2013-02-28,1.5435,2.24,0.669,2.1781,0.7209999999999999,1.9678947368421105,3.4975
2013-03-31,1.3545,2.07,0.4919999999999999,1.9768,0.7469999999999999,1.8515,3.5125
2013-04-30,1.19619047619048,1.8,0.5889999999999999,1.7824,0.6119999999999999,1.7486363636363602,3.245
2013-05-31,1.29409090909091,1.87,0.879,1.9462,0.76,1.90181818181818,3.324
2013-06-30,1.5305,2.21,0.822,2.3063,1.06,2.2445,3.555
2013-07-31,1.5656521739130402,2.25,0.79,2.471,1.097,2.43818181818182,3.772
2013-08-31,1.735,2.36,0.7079999999999999,2.7088,1.142,2.6114285714285694,3.894
2013-09-30,1.88809523809524,2.49,0.669,2.8443,1.11,2.698,4.033
2013-10-31,1.76217391304348,2.39,0.5899999999999999,2.6784,1.07,2.51818181818182,4.009
2013-11-30,1.67714285714286,2.27,0.6049999999999999,2.7598,1.031,2.5585,4.175
2013-12-31,1.79777777777778,2.33,0.688,2.9458,1.253,2.6735,4.262
2014-01-31,1.75590909090909,2.38,0.6139999999999999,2.91,0.983,2.53409090909091,4.158
2014-02-28,1.5585,2.25,0.5859999999999999,2.8147,0.951,2.42,4.104
2014-03-31,1.5085714285714296,2.15,0.6049999999999999,2.7837,0.955,2.4542857142857097,4.092
2014-04-30,1.4565,2.03,0.6099999999999999,2.7417,0.8599999999999999,2.4447619047619,4.027
2014-05-31,1.32714285714286,1.84,0.566,2.6989,0.77,2.3152380952381,3.781
2014-06-30,1.26428571428571,1.71,0.536,2.7842,0.714,2.2985714285714303,3.713
2014-07-31,1.11434782608696,1.56,0.527,2.7343,0.6159999999999999,2.1945454545454495,3.486
2014-08-31,0.956190476190476,1.41,0.4879999999999999,2.5347,0.529,2.062,3.43
2014-09-30,0.921363636363636,1.35,0.497,2.4919,0.5889999999999999,2.18095238095238,3.573
2014-10-31,0.7909090909090908,1.26,0.465,2.2469,0.5579999999999999,2.0104545454545506,3.344
2014-11-30,0.719,1.14,0.4199999999999999,2.1593,0.4129999999999999,2.00315789473684,3.294
2014-12-31,0.588947368421053,0.92,0.33,1.9287,0.375,1.85190476190476,2.964
2015-01-31,0.39,0.67,0.275,1.589,-0.067,1.5257142857142902,2.622
2015-02-28,0.3019999999999999,0.6,0.33,1.7365,0.0149999999999999,1.37947368421053,2.49
2015-03-31,0.2272727272727269,0.51,0.4,1.7941,-0.001,1.42136363636364,2.475
2015-04-30,0.122,0.44,0.34,1.755,0.04,1.41095238095238,2.41
2015-05-31,0.55578947368421,0.89,0.39,2.0243,-0.031,1.744,2.882
2015-06-30,0.792727272727273,1.2,0.455,2.1696,0.1009999999999998,1.78,2.985
2015-07-31,0.7099999999999999,1.11,0.4099999999999999,2.1353,-0.035,1.56954545454545,2.922
2015-08-31,0.6085714285714289,1.01,0.38,1.9799,-0.1239999999999999,1.3915,2.738
2015-09-30,0.654090909090909,1.0,0.3499999999999999,1.8814,-0.1,1.4814285714285702,2.724
2015-10-31,0.5181818181818179,0.87,0.2999999999999999,1.846,-0.272,1.46333333333333,2.657
2015-11-30,0.516190476190476,0.88,0.2999999999999999,1.9779,-0.3109999999999999,1.6335,2.889
2015-12-31,0.5454999999999999,0.93,0.27,1.9234,-0.039,1.45952380952381,2.852
2016-01-31,0.4304999999999999,0.84,0.095,1.7833,-0.2989999999999999,1.258,2.708
2016-02-29,0.1728571428571429,0.59,-0.065,1.5032,-0.4529999999999999,1.1245,2.465
2016-03-31,0.1714285714285709,0.51,-0.05,1.5434,-0.387,1.26818181818182,2.5610000000000004
2016-04-30,0.134285714285714,0.51,-0.085,1.5688,-0.2449999999999999,1.33619047619048,2.512
2016-05-31,0.132857142857143,0.51,-0.12,1.5366,-0.2979999999999999,1.35,2.322
2016-06-30,-0.0168181818181818,0.39,-0.23,1.3105,-0.508,1.16818181818182,2.125
2016-07-31,-0.154285714285714,0.17,-0.195,0.9569,-0.5429999999999999,1.051,1.936
2016-08-31,-0.131739130434783,0.15,-0.07,0.7421,-0.462,1.04272727272727,1.892
2016-09-30,-0.0840909090909091,0.18,-0.085,0.8243,-0.522,1.08619047619048,2.004
2016-10-31,0.002,0.33,-0.05,1.078,-0.3619999999999999,1.1665,2.231
2016-11-30,0.1890909090909088,0.67,0.02,1.3818,-0.13,1.4376190476190502,2.535
2016-12-31,0.2519047619047619,0.75,0.04,1.4336,-0.135,1.732,2.799
2017-01-31,0.250909090909091,0.86,0.085,1.4203,-0.0719999999999999,1.72238095238095,2.7110000000000003
2017-02-28,0.258,1.03,0.05,1.3058,-0.2129999999999999,1.70210526315789,2.738
2017-03-31,0.3482608695652169,1.02,0.065,1.194,-0.1,1.7143478260869598,2.804
2017-04-30,0.225555555555556,0.88,0.015,1.0789,-0.096,1.52315789473684,2.557
2017-05-31,0.3363636363636359,0.81,0.04,1.1175,-0.1449999999999999,1.5131818181818202,2.548
2017-06-30,0.25047619047619,0.66,0.075,1.0846,-0.025,1.50272727272727,2.421
2017-07-31,0.455714285714286,0.84,0.075,1.2713,0.0599999999999999,1.908,2.664
2017-08-31,0.3460869565217389,0.71,0.01,1.1241,-0.114,1.88363636363636,2.6260000000000003
2017-09-30,0.3471428571428569,0.7,0.06,1.2436,0.017,2.0495,2.71
2017-10-31,0.3725,0.81,0.065,1.3816,-0.0289999999999999,2.05095238095238,2.768
2017-11-30,0.308181818181818,0.72,0.035,1.3299,-0.0529999999999999,1.9185714285714297,2.565
2017-12-31,0.296842105263158,0.67,0.045,1.2781,-0.095,1.91526315789474,2.583
2018-01-31,0.4745454545454549,0.85,0.08,1.3931,0.1029999999999999,2.19818181818182,2.747
2018-02-28,0.659,0.98,0.045,1.6034,0.1159999999999998,2.3242105263157895,2.845
2018-03-31,0.52952380952381,0.83,0.045,1.508,0.0539999999999999,2.1885714285714295,2.713
2018-04-30,0.4799999999999999,0.78,0.05,1.5108,0.1199999999999999,2.24904761904762,2.734
2018-05-31,0.45,0.79,0.03,1.5016,-0.008,2.3754545454545495,2.79
2018-06-30,0.3271428571428569,0.75,0.03,1.4229,-0.012,2.20904761904762,2.697
2018-07-31,0.2745454545454549,0.67,0.06,1.3739,0.042,2.18714285714286,2.637
2018-08-31,0.2908695652173909,0.7,0.11,1.3991,-0.032,2.2954545454545494,2.59
2018-09-30,0.3705,0.77,0.125,1.5023,0.113,2.35368421052632,2.631
2018-10-31,0.399090909090909,0.82,0.13,1.5462,0.0709999999999999,2.48863636363636,2.682
2018-11-30,0.3140909090909089,0.76,0.085,1.4541,-0.0149999999999999,2.40761904761905,2.6830000000000003
2018-12-31,0.187058823529412,0.7,-0.01,1.3125,-0.1539999999999999,2.05789473684211,2.431
2019-01-31,0.132727272727273,0.65,0.0,1.3221,-0.2099999999999999,1.95363636363636,2.271
2019-02-28,0.0555,0.55,-0.015,1.239,-0.2359999999999999,1.90736842105263,2.126
2019-03-31,0.010952380952381,0.44,-0.095,1.19,-0.3519999999999999,1.71238095238095,1.957
2019-04-30,-0.0395,0.37,-0.045,1.1906,-0.267,1.7242857142857098,1.865
2019-05-31,-0.134545454545455,0.3,-0.095,1.13,-0.445,1.66454545454545,1.655
2019-06-30,-0.315263157894737,0.08,-0.165,0.919,-0.4819999999999999,1.4625,1.386
2019-07-31,-0.3882608695652169,-0.07,-0.16,0.8304,-0.654,1.51909090909091,1.32
2019-08-31,-0.6490909090909089,-0.34,-0.28,0.5776,-0.975,1.2052380952381,0.959
2019-09-30,-0.594761904761905,-0.27,-0.215,0.5981,-0.6999999999999998,1.364,1.035
2019-10-31,-0.4695454545454549,-0.16,-0.1499999999999999,0.6373,-0.511,1.4495454545454498,1.037
2019-11-30,-0.352380952380952,-0.02,-0.08,0.765,-0.5799999999999998,1.4995,1.152
2019-12-31,-0.2994444444444439,0.04,-0.025,0.8308,-0.456,1.6045,1.202
2020-01-31,-0.3136363636363639,-0.01,-0.065,0.7235,-0.698,1.49227272727273,1.159
2020-02-29,-0.466,-0.18,-0.155,0.633,-0.832,1.29473684210526,0.984
2020-03-31,-0.5413636363636359,-0.05,0.005,0.4609,-0.3679999999999999,0.8190909090909091,0.884
2020-04-30,-0.4495,0.06,-0.04,0.3577,-0.4869999999999999,0.6571428571428571,0.8540000000000001
2020-05-31,-0.5164999999999998,-0.03,0.0,0.2743,-0.4709999999999999,0.551,0.903
2020-06-30,-0.4342857142857138,-0.04,0.03,0.278,-0.439,0.561363636363636,0.928
2020-07-31,-0.5230434782608699,-0.15,0.01,0.2094,-0.529,0.5163636363636359,0.897
2020-08-31,-0.5233333333333328,-0.17,0.045,0.2717,-0.4099999999999999,0.5635,0.905
2020-09-30,-0.5240909090909089,-0.21,0.015,0.273,-0.5,0.5595238095238101,0.894
2020-10-31,-0.607272727272727,-0.3,0.04,0.3058,-0.518,0.6028571428571429,0.802
2020-11-30,-0.614761904761905,-0.32,0.03,0.3836,-0.509,0.6885,0.856
2020-12-31,-0.6185,-0.34,0.02,0.3224,-0.525,0.730952380952381,0.976
2021-01-31,-0.5835,-0.31,0.055,0.3672,-0.4539999999999999,0.8055,1.053
2021-02-28,-0.4455,-0.15,0.1499999999999999,0.6222,-0.2289999999999998,1.0994736842105302,1.334
2021-03-31,-0.3647826086956519,-0.07,0.12,0.8456,-0.267,1.49652173913043,1.707
2021-04-30,-0.325,-0.01,0.09,0.8515,-0.2099999999999999,1.51619047619048,1.676
2021-05-31,-0.2235,0.21,0.08,0.9058,-0.134,1.524,1.66
2021-06-30,-0.288636363636364,0.15,0.05,0.8549,-0.2,1.425,1.531
2021-07-31,-0.4513636363636359,-0.01,0.015,0.6979,-0.3729999999999999,1.25142857142857,1.254
2021-08-31,-0.538636363636364,-0.12,0.02,0.644,-0.3469999999999999,1.19190476190476,1.135
2021-09-30,-0.3627272727272729,0.04,0.065,0.8023,-0.166,1.263,1.2819999999999998
2021-10-31,-0.2042857142857139,0.2,0.095,1.083,-0.0459999999999999,1.597,1.71
2021-11-30,-0.3136363636363639,0.1,0.05,0.9394,-0.2339999999999999,1.6857142857142902,1.806
2021-12-31,-0.3842857142857139,0.05,0.07,0.8375,-0.127,1.45,1.609
2022-01-31,-0.114761904761905,0.31,0.17,1.2051,0.0449999999999999,1.759,1.888
2022-02-28,0.1499999999999999,0.68,0.1799999999999999,1.4891,0.263,1.87947368421053,2.111
2022-03-31,0.2817391304347829,0.78,0.2099999999999999,1.5457,0.677,2.13217391304348,2.5
2022-04-30,0.7463157894736842,1.28,0.215,1.8362,0.824,2.704,3.008
2022-05-31,0.9527272727272728,1.52,0.2349999999999999,1.9069,0.779,2.9185714285714304,3.381
2022-06-30,1.445,2.06,0.225,2.3824,1.149,3.3154545454545494,3.767
2022-07-31,1.08190476190476,1.71,0.1799999999999999,2.1454,0.52,3.04315789473684,3.429
2022-08-31,1.03434782608696,1.69,0.22,2.3278,0.7859999999999999,2.85909090909091,3.361
2022-09-30,1.79545454545455,2.41,0.2399999999999999,3.5007,1.163,3.14789473684211,3.747
2022-10-31,2.1866666666666696,2.77,0.245,4.1096,1.12,3.3805263157894703,3.919
2022-11-30,2.06636363636364,2.58,0.25,3.4171,1.055,3.16619047619048,3.696
2022-12-31,2.0852380952381,2.62,0.4099999999999999,3.5015,1.565,2.9415,3.551
2023-01-31,2.19272727272727,2.69,0.4899999999999999,3.5115,1.257,2.93761904761905,3.604
2023-02-28,2.3705,2.87,0.5,3.5553,1.446,3.17421052631579,3.702
2023-03-31,2.3834782608695697,2.92,0.32,3.5638,1.227,2.9934782608695696,3.468
2023-04-30,2.35944444444444,2.9,0.385,3.6503,1.08,2.91611111111111,3.343
2023-05-31,2.3422727272727295,2.94,0.4299999999999999,3.9621,0.8479999999999999,3.0454545454545494,3.5
2023-06-30,2.37636363636364,2.93,0.395,4.3659,0.966,3.33818181818182,3.916
2023-07-31,2.4566666666666697,3.04,0.5949999999999999,4.4372,0.979,3.452,4.0360000000000005
2023-08-31,2.54565217391304,3.11,0.64,4.5298,0.952,3.654090909090911,4.128
2023-09-30,2.6614285714285697,3.24,0.765,4.4199,1.087,3.816,4.211
2023-10-31,2.82318181818182,3.45,0.95,4.5695,1.046,4.062,4.633
2023-11-30,2.60136363636364,3.19,0.66,4.2721,0.822,3.71095238095238,4.578
2023-12-31,2.10210526315789,2.65,0.62,3.8622,0.6559999999999999,3.2342105263157896,4.187
2024-01-31,2.1745454545454495,2.74,0.7299999999999999,3.9319,0.8299999999999998,3.3463636363636406,4.148
2024-02-29,2.33190476190476,2.85,0.7099999999999999,4.123,0.8279999999999998,3.504,4.141
2024-03-31,2.3495,2.82,0.7249999999999999,4.033,0.639,3.444,4.045
2024-04-30,2.44571428571429,2.97,0.87,4.2172,0.693,3.6959090909090895,4.268
2024-05-31,2.51954545454545,3.03,1.07,4.2229,0.915,3.64181818181818,4.325
2024-06-30,2.4845,3.15,1.05,4.1644,0.5589999999999999,3.3915,4.242
2024-07-31,2.4582608695652204,3.14,1.045,4.1386,0.45,3.40772727272727,4.3260000000000005
2024-08-31,2.2077272727272703,2.94,0.89,3.9444,0.451,3.0715,3.976
2024-09-30,2.16714285714286,2.9,0.8549999999999999,3.9053,0.4099999999999999,2.94444444444444,3.922
2024-10-31,2.2295652173913,2.99,0.935,4.1993,0.451,3.1863636363636405,4.267
2024-11-30,2.30571428571429,3.09,1.05,4.4164,0.2889999999999999,3.2785,4.544
2024-12-31,2.1788888888888898,3.01,1.09,4.4345,0.317,3.1615,4.313
2025-01-31,2.48363636363636,3.32,1.245,4.6627,0.3829999999999998,3.28863636363636,4.481
2025-02-28,2.4055,3.15,1.37,4.5063,0.396,3.0563157894736803,4.423
2025-03-31,2.7414285714285698,3.43,1.485,4.6448,0.514,3.0104761904761896,4.421
2025-04-30,2.5105,3.26,1.31,4.5762,0.326,3.1085714285714303,4.267
2025-05-31,2.56285714285714,3.26,1.5,4.6004,0.259,3.2214285714285698,4.35
2025-06-30,2.51904761904762,3.24,1.42,4.5248,0.4099999999999999,3.314,4.208
2025-07-31,2.63130434782609,3.36,1.545,4.5924,0.3779999999999998,3.4804545454545495,4.291
2025-08-31,2.6733333333333302,3.42,1.6,4.6369,,3.425,4.275
