DATE,WTI_Crude,Breakeven_5Y
2000-01-31,27.259473684210523,
2000-02-29,29.366000000000003,
2000-03-31,29.84173913043478,
2000-04-30,25.722105263157896,
2000-05-31,28.78818181818182,
2000-06-30,31.82227272727273,
2000-07-31,29.69684210526316,
2000-08-31,31.26391304347826,
2000-09-30,33.884,
2000-10-31,33.108636363636364,
2000-11-30,34.417142857142856,
2000-12-31,28.436500000000002,
2001-01-31,29.585714285714282,
2001-02-28,29.609473684210528,
2001-03-31,27.244545454545456,
2001-04-30,27.49,
2001-05-31,28.62909090909091,
2001-06-30,27.59904761904762,
2001-07-31,26.4247619047619,
2001-08-31,27.37391304347826,
2001-09-30,26.199473684210528,
2001-10-31,22.169565217391302,
2001-11-30,19.634999999999998,
2001-12-31,19.388947368421054,
2002-01-31,19.714761904761904,
2002-02-28,20.723684210526315,
2002-03-31,24.531,
2002-04-30,26.179090909090913,
2002-05-31,27.041363636363634,
2002-06-30,25.5185,
2002-07-31,26.966190476190473,
2002-08-31,28.385,
2002-09-30,29.6635,
2002-10-31,28.836521739130436,
2002-11-30,26.352105263157895,
2002-12-31,29.460952380952378,
2003-01-31,32.94714285714286,1.398095238095238
2003-02-28,35.828421052631576,1.6542105263157894
2003-03-31,33.513333333333335,1.6952380952380952
2003-04-30,28.170476190476194,1.5685714285714285
2003-05-31,28.108571428571427,1.3366666666666667
2003-06-30,30.66238095238095,1.3585714285714285
2003-07-31,30.754545454545454,1.5681818181818181
2003-08-31,31.573809523809523,1.8866666666666665
2003-09-30,28.31142857142857,1.8933333333333333
2003-10-31,30.338260869565215,1.978181818181818
2003-11-30,31.108333333333334,2.0172222222222222
2003-12-31,32.12904761904762,2.0395454545454546
2004-01-31,34.31,2.0355
2004-02-29,34.68473684210526,2.21
2004-03-31,36.74130434782609,2.2717391304347827
2004-04-30,36.75,2.373809523809524
2004-05-31,40.275,2.5125
2004-06-30,38.025238095238095,2.521904761904762
2004-07-31,40.77809523809524,2.3976190476190475
2004-08-31,44.90318181818182,2.351363636363636
2004-09-30,45.93571428571428,2.2523809523809524
2004-10-31,53.28047619047619,2.373
2004-11-30,48.469,2.6215
2004-12-31,43.14952380952381,2.674545454545455
2005-01-31,46.837,2.5780000000000003
2005-02-28,48.148947368421055,2.683157894736842
2005-03-31,54.186818181818175,2.876818181818182
2005-04-30,52.97904761904762,2.77
2005-05-31,49.83380952380952,2.5747619047619046
2005-06-30,56.35227272727273,2.3813636363636363
2005-07-31,58.99550000000001,2.3095
2005-08-31,64.98521739130435,2.4121739130434783
2005-09-30,65.58666666666666,2.610952380952381
2005-10-31,62.260000000000005,2.633
2005-11-30,58.322500000000005,2.479
2005-12-31,59.411904761904765,2.307142857142857
2006-01-31,65.485,2.413
2006-02-28,61.631052631578946,2.5921052631578947
2006-03-31,62.68521739130435,2.6243478260869564
2006-04-30,69.44368421052631,2.642105263157895
2006-05-31,70.84409090909091,2.6940909090909093
2006-06-30,70.9509090909091,2.6154545454545453
2006-07-31,74.41105263157894,2.5845
2006-08-31,73.04304347826087,2.554782608695652
2006-09-30,63.798,2.2905
2006-10-31,58.89318181818182,2.1761904761904765
2006-11-30,59.0825,2.1742857142857144
2006-12-31,61.959,2.25
2007-01-31,54.50619047619048,2.2804761904761905
2007-02-28,59.27894736842105,2.369473684210526
2007-03-31,60.441818181818185,2.441818181818182
2007-04-30,63.977,2.4771428571428573
2007-05-31,63.45454545454545,2.377727272727273
2007-06-30,67.48904761904762,2.3723809523809525
2007-07-31,74.11761904761904,2.289047619047619
2007-08-31,72.35608695652174,2.043913043478261
2007-09-30,79.91473684210526,2.0563157894736843
2007-10-31,85.7986956521739,2.1913636363636364
2007-11-30,94.77238095238096,2.3145
2007-12-31,91.687,2.2155
2008-01-31,92.97047619047619,2.1228571428571428
2008-02-29,95.386,2.131
2008-03-31,105.454,2.256
2008-04-30,112.58045454545454,2.225909090909091
2008-05-31,125.39761904761905,2.3604761904761906
2008-06-30,133.88,2.516190476190476
2008-07-31,133.3709090909091,2.462727272727273
2008-08-31,116.66619047619047,1.9938095238095237
2008-09-30,104.11428571428571,1.3309523809523809
2008-10-31,76.6086956521739,-0.027727272727272743
2008-11-30,57.30947368421053,-1.3988888888888888
2008-12-31,41.121818181818185,-0.24000000000000002
2009-01-31,41.71,0.011499999999999996
2009-02-28,39.08736842105263,0.5821052631578948
2009-03-31,47.939090909090915,0.5886363636363636
2009-04-30,49.64666666666666,0.7476190476190476
2009-05-31,59.028499999999994,1.0630000000000002
2009-06-30,69.64090909090909,1.5259090909090909
2009-07-31,64.15227272727272,1.2840909090909092
2009-08-31,71.04476190476191,1.2814285714285714
2009-09-30,69.40809523809523,1.3433333333333333
2009-10-31,75.71545454545455,1.5004761904761905
2009-11-30,77.99,1.7463157894736843
2009-12-31,74.47,1.9086363636363637
2010-01-31,78.32578947368421,2.066315789473684
2010-02-28,76.38736842105263,1.9478947368421051
2010-03-31,81.20347826086957,1.8717391304347826
2010-04-30,84.29285714285714,1.960909090909091
2010-05-31,73.7435,1.7705000000000002
2010-06-30,75.3359090909091,1.6518181818181816
2010-07-31,76.31952380952382,1.4223809523809525
2010-08-31,76.59909090909092,1.3363636363636362
2010-09-30,75.24190476190476,1.279047619047619
2010-10-31,81.89285714285714,1.5070000000000001
2010-11-30,84.25285714285714,1.5554999999999999
2010-12-31,89.14590909090909,1.7295454545454545
2011-01-31,89.1705,1.9304999999999999
2011-02-28,88.57842105263158,2.011052631578947
2011-03-31,102.85652173913043,2.2017391304347824
2011-04-30,109.5325,2.3114999999999997
2011-05-31,100.90047619047618,2.1776190476190473
2011-06-30,96.26409090909091,1.9554545454545453
2011-07-31,97.3035,2.032
2011-08-31,86.33304347826088,1.7691304347826087
2011-09-30,85.51523809523809,1.6157142857142857
2011-10-31,86.32238095238095,1.6960000000000002
2011-11-30,97.16047619047619,1.761
2011-12-31,98.56285714285715,1.6695238095238096
2012-01-31,100.2735,1.7570000000000001
2012-02-29,102.204,1.9454999999999998
2012-03-31,106.15772727272729,2.045909090909091
2012-04-30,103.321,1.9523809523809523
2012-05-31,94.65454545454546,1.885
2012-06-30,82.30333333333333,1.759047619047619
2012-07-31,87.8952380952381,1.7671428571428571
2012-08-31,94.13130434782609,1.9060869565217389
2012-09-30,94.51368421052632,2.139473684210526
2012-10-31,89.4913043478261,2.174285714285714
2012-11-30,86.53142857142858,2.048
2012-12-31,87.8595,2.0955
2013-01-31,94.75666666666667,2.190952380952381
2013-02-28,95.30894736842104,2.2336842105263157
2013-03-31,92.9385,2.246
2013-04-30,92.02136363636363,2.0904545454545453
2013-05-31,94.50954545454546,1.981818181818182
2013-06-30,95.77250000000001,1.793
2013-07-31,104.67090909090908,1.8577272727272727
2013-08-31,106.57272727272726,1.8531818181818183
2013-09-30,106.2895,1.7675
2013-10-31,100.53826086956522,1.7772727272727273
2013-11-30,93.864,1.7531578947368422
2013-12-31,97.6252380952381,1.6695238095238092
2014-01-31,94.61714285714285,1.7380952380952381
2014-02-28,100.81736842105263,1.7742105263157895
2014-03-31,100.80380952380953,1.7771428571428571
2014-04-30,102.06904761904761,1.8085714285714285
2014-05-31,102.17714285714285,1.9357142857142857
2014-06-30,105.7942857142857,1.9704761904761903
2014-07-31,103.58863636363638,1.970909090909091
2014-08-31,96.53619047619047,1.8414285714285714
2014-09-30,93.21190476190476,1.6766666666666667
2014-10-31,84.39695652173914,1.4813636363636364
2014-11-30,75.78947368421052,1.4777777777777779
2014-12-31,59.29045454545455,1.2745454545454544
2015-01-31,47.219,1.2085
2015-02-28,50.58421052631579,1.362105263157895
2015-03-31,47.82363636363636,1.4772727272727273
2015-04-30,54.45285714285714,1.617727272727273
2015-05-31,59.265,1.6395
2015-06-30,59.819545454545455,1.6327272727272728
2015-07-31,50.90090909090909,1.4954545454545454
2015-08-31,42.86761904761905,1.2295238095238095
2015-09-30,45.47952380952381,1.1552380952380952
2015-10-31,46.22363636363636,1.1742857142857144
2015-11-30,42.4435,1.266315789473684
2015-12-31,37.18863636363636,1.2386363636363635
2016-01-31,31.683157894736844,1.1905263157894737
2016-02-29,30.323,1.0835
2016-03-31,37.54636363636364,1.4090909090909092
2016-04-30,40.7552380952381,1.481904761904762
2016-05-31,46.712380952380954,1.5204761904761905
2016-06-30,48.75727272727273,1.4359090909090908
2016-07-31,44.6515,1.3885
2016-08-31,44.72434782608696,1.3034782608695652
2016-09-30,45.18238095238095,1.3495238095238096
2016-10-31,49.775238095238095,1.5325000000000002
2016-11-30,45.66095238095238,1.6614999999999998
2016-12-31,51.9704761904762,1.810952380952381
2017-01-31,52.504,1.8855
2017-02-28,53.46842105263158,1.8868421052631579
2017-03-31,49.32782608695652,1.836521739130435
2017-04-30,51.060526315789474,1.7484210526315789
2017-05-31,48.47636363636364,1.7463636363636363
2017-06-30,45.177727272727275,1.6327272727272728
2017-07-31,46.630526315789474,1.6415
2017-08-31,48.03695652173913,1.6147826086956523
2017-09-30,49.822,1.682
2017-10-31,51.57772727272727,1.7314285714285713
2017-11-30,56.63857142857143,1.752857142857143
2017-12-31,57.8815,1.766
2018-01-31,63.698571428571434,1.9366666666666668
2018-02-28,62.22947368421052,1.9652631578947366
2018-03-31,62.724761904761905,2.0214285714285714
2018-04-30,66.25380952380952,2.0495238095238095
2018-05-31,69.97818181818182,2.101818181818182
2018-06-30,67.87333333333333,2.067619047619048
2018-07-31,70.98142857142857,2.0423809523809524
2018-08-31,68.05565217391305,1.982608695652174
2018-09-30,70.2321052631579,2.008421052631579
2018-10-31,70.74869565217391,1.9872727272727273
2018-11-30,56.963499999999996,1.8445
2018-12-31,49.522777777777776,1.601578947368421
2019-01-31,51.37571428571429,1.628095238095238
2019-02-28,54.95473684210527,1.7573684210526317
2019-03-31,58.151428571428575,1.8161904761904761
2019-04-30,63.862380952380946,1.8385714285714285
2019-05-31,60.82681818181818,1.708181818181818
2019-06-30,54.657500000000006,1.549
2019-07-31,57.35809523809524,1.5795454545454546
2019-08-31,54.80590909090909,1.3804545454545456
2019-09-30,56.947,1.3935
2019-10-31,53.96304347826087,1.4022727272727273
2019-11-30,57.048947368421054,1.5484210526315791
2019-12-31,59.81666666666667,1.6214285714285712
2020-01-31,57.519047619047626,1.6523809523809525
2020-02-29,50.54263157894737,1.5810526315789473
2020-03-31,29.207727272727276,0.6745454545454546
2020-04-30,16.547619047619047,0.7585714285714286
2020-05-31,28.5625,0.7649999999999999
2020-06-30,38.307272727272725,1.014090909090909
2020-07-31,40.710454545454546,1.3131818181818182
2020-08-31,42.33904761904762,1.5504761904761906
2020-09-30,39.63428571428571,1.5323809523809524
2020-10-31,39.39590909090909,1.560952380952381
2020-11-30,40.93736842105263,1.6252631578947367
2020-12-31,47.025,1.8654545454545455
2021-01-31,52.008421052631576,2.1031578947368423
2021-02-28,59.04631578947369,2.311578947368421
2021-03-31,62.333043478260876,2.4969565217391305
2021-04-30,61.71666666666666,2.5295454545454543
2021-05-31,65.1695,2.6495
2021-06-30,71.37818181818182,2.4645454545454544
2021-07-31,72.4852380952381,2.4966666666666666
2021-08-31,67.73045454545455,2.4936363636363637
2021-09-30,71.64619047619047,2.4966666666666666
2021-10-31,81.47666666666666,2.745
2021-11-30,79.14750000000001,2.9825
2021-12-31,71.71181818181819,2.749090909090909
2022-01-31,83.22200000000001,2.7969999999999997
2022-02-28,91.64105263157894,2.8705263157894736
2022-03-31,108.50260869565217,3.4108695652173915
2022-04-30,101.7775,3.3155
2022-05-31,109.55238095238094,3.027142857142857
2022-06-30,114.83714285714285,2.893333333333333
2022-07-31,101.619,2.5835
2022-08-31,93.66521739130435,2.683913043478261
2022-09-30,84.25809523809524,2.4504761904761905
2022-10-31,87.5547619047619,2.4705
2022-11-30,84.37047619047618,2.4445
2022-12-31,76.43714285714286,2.3166666666666664
2023-01-31,78.123,2.234
2023-02-28,76.83263157894737,2.446842105263158
2023-03-31,73.27782608695652,2.3778260869565218
2023-04-30,79.44631578947369,2.308
2023-05-31,71.57818181818182,2.1554545454545457
2023-06-30,70.24809523809525,2.1395238095238094
2023-07-31,76.0695,2.2075
2023-08-31,81.38608695652174,2.2395652173913043
2023-09-30,89.425,2.2535
2023-10-31,85.63952380952381,2.31
2023-11-30,77.685,2.247142857142857
2023-12-31,71.9,2.1275
2024-01-31,74.15238095238095,2.2247619047619045
2024-02-29,77.249,2.3169999999999997
2024-03-31,81.27799999999999,2.381
2024-04-30,85.34727272727274,2.451363636363636
2024-05-31,80.02454545454545,2.333181818181818
2024-06-30,79.76736842105262,2.2142105263157896
2024-07-31,81.80045454545454,2.1845454545454546
2024-08-31,76.68318181818182,1.973181818181818
2024-09-30,70.236,1.9669999999999999
2024-10-31,71.985,2.2313636363636364
2024-11-30,69.95,2.3878947368421053
2024-12-31,70.11809523809524,2.363809523809524
2025-01-31,75.74249999999999,2.4904761904761905
2025-02-28,71.53315789473685,2.6073684210526316
2025-03-31,68.23904761904762,2.532380952380952
2025-04-30,63.53666666666667,2.348095238095238
2025-05-31,62.16761904761905,2.383809523809524
2025-06-30,68.16900000000001,2.3255
2025-07-31,68.39090909090909,2.442727272727273
2025-08-31,64.86428571428571,2.4385714285714286
2025-09-30,63.63533333333333,2.427222222222222
